Source,Target,Weight
nm0000004,nm0000101,2
nm0000008,nm0000136,2
nm0000009,nm0159258,2
nm0000024,nm0001545,2
nm0000052,nm0681566,4
nm0000052,nm0873385,2
nm0000057,nm0007042,2
nm0000059,nm0002081,2
nm0000090,nm0000728,2
nm0000090,nm0001970,2
nm0000092,nm0000177,2
nm0000092,nm0001385,2
nm0000092,nm0001589,3
nm0000093,nm0000164,2
nm0000101,nm0000195,2
nm0000101,nm0000331,2
nm0000101,nm0000493,2
nm0000101,nm0000601,2
nm0000101,nm0001006,3
nm0000102,nm0000198,2
nm0000102,nm0000657,2
nm0000104,nm0022765,2
nm0000104,nm0273178,2
nm0000104,nm0555260,2
nm0000104,nm0704719,2
nm0000110,nm0001394,2
nm0000111,nm0000470,2
nm0000115,nm0000168,2
nm0000125,nm0000483,2
nm0000126,nm0000432,2
nm0000126,nm0001599,2
nm0000131,nm0000518,2
nm0000134,nm0000138,2
nm0000134,nm0000172,2
nm0000134,nm0000249,2
nm0000134,nm0000501,2
nm0000134,nm0000582,3
nm0000134,nm0001590,2
nm0000140,nm0000362,3
nm0000141,nm0415617,2
nm0000142,nm0000432,2
nm0000142,nm0507212,2
nm0000144,nm0000151,2
nm0000147,nm0141697,2
nm0000148,nm0000434,2
nm0000148,nm0001850,2
nm0000150,nm0000502,3
nm0000150,nm0001855,2
nm0000151,nm0000225,2
nm0000151,nm0000228,2
nm0000154,nm0000418,4
nm0000154,nm0000582,3
nm0000154,nm0817748,2
nm0000156,nm0001834,2
nm0000158,nm0000641,2
nm0000158,nm0000741,2
nm0000158,nm0001006,2
nm0000168,nm0000228,2
nm0000168,nm0000246,2
nm0000172,nm0000197,2
nm0000172,nm0000514,2
nm0000177,nm0000418,2
nm0000177,nm0001589,2
nm0000185,nm0001283,2
nm0000188,nm0001737,3
nm0000191,nm0000592,2
nm0000195,nm0000601,3
nm0000195,nm0001642,2
nm0000196,nm0001022,2
nm0000197,nm0000362,2
nm0000200,nm0000671,2
nm0000203,nm0000551,2
nm0000206,nm0911542,2
nm0000206,nm0935664,2
nm0000209,nm0002064,2
nm0000216,nm0000362,2
nm0000221,nm0000297,3
nm0000221,nm0000389,2
nm0000221,nm0000661,2
nm0000221,nm0000662,2
nm0000221,nm0000929,2
nm0000221,nm0000978,2
nm0000221,nm0001520,2
nm0000221,nm0001642,2
nm0000221,nm0202966,2
nm0000228,nm0001590,2
nm0000230,nm0001077,3
nm0000230,nm0001835,2
nm0000230,nm0949350,3
nm0000237,nm0000380,2
nm0000243,nm0000490,2
nm0000246,nm0001817,2
nm0000249,nm0000285,2
nm0000249,nm0000514,2
nm0000255,nm0000354,2
nm0000286,nm0001038,2
nm0000286,nm0001606,2
nm0000287,nm0000661,2
nm0000293,nm0000457,2
nm0000296,nm0002037,2
nm0000297,nm0000929,2
nm0000299,nm0002023,2
nm0000299,nm0934902,2
nm0000308,nm0001812,2
nm0000314,nm0002989,2
nm0000314,nm0520164,2
nm0000321,nm0000846,2
nm0000321,nm0001696,2
nm0000323,nm0001364,3
nm0000329,nm0005033,6
nm0000329,nm0636280,2
nm0000329,nm0876603,3
nm0000329,nm0950707,4
nm0000331,nm0001642,2
nm0000331,nm0536850,2
nm0000334,nm0002000,3
nm0000334,nm0156558,3
nm0000334,nm0157971,4
nm0000334,nm0160846,2
nm0000334,nm0160865,2
nm0000334,nm0298689,2
nm0000334,nm0381857,2
nm0000334,nm0387360,2
nm0000334,nm0490489,3
nm0000334,nm0497097,4
nm0000334,nm0504897,2
nm0000334,nm0504899,3
nm0000334,nm0504973,3
nm0000334,nm0793008,2
nm0000334,nm0793384,2
nm0000334,nm0862479,3
nm0000334,nm0874676,2
nm0000334,nm0874684,3
nm0000345,nm0001588,2
nm0000345,nm0456124,2
nm0000345,nm0827663,2
nm0000346,nm0000582,2
nm0000346,nm0827663,2
nm0000367,nm0003508,2
nm0000367,nm0007069,3
nm0000367,nm0042104,2
nm0000367,nm0057428,2
nm0000367,nm0087141,2
nm0000367,nm0138405,2
nm0000367,nm0547339,2
nm0000367,nm0598971,2
nm0000367,nm0634159,2
nm0000377,nm0000389,2
nm0000380,nm0000469,2
nm0000380,nm0001305,2
nm0000389,nm0000662,2
nm0000389,nm0001617,2
nm0000393,nm0001164,2
nm0000394,nm0005450,2
nm0000397,nm0000433,2
nm0000408,nm0000653,2
nm0000408,nm0000996,2
nm0000408,nm0001772,3
nm0000418,nm0000582,4
nm0000418,nm0000997,2
nm0000422,nm0000598,2
nm0000430,nm0000633,2
nm0000430,nm0001101,2
nm0000430,nm0333701,3
nm0000430,nm0807571,4
nm0000430,nm0935498,3
nm0000432,nm0000438,2
nm0000432,nm0000598,3
nm0000432,nm0001659,2
nm0000433,nm0171754,2
nm0000434,nm0001850,2
nm0000437,nm0000648,2
nm0000438,nm0001884,2
nm0000448,nm0001397,2
nm0000448,nm0668271,2
nm0000448,nm0913370,2
nm0000454,nm0000662,2
nm0000454,nm0001777,2
nm0000459,nm0000576,2
nm0000459,nm0001592,2
nm0000465,nm0003501,3
nm0000465,nm0412313,2
nm0000465,nm0449404,2
nm0000465,nm0668331,4
nm0000469,nm0000616,2
nm0000471,nm0000502,2
nm0000483,nm0000722,2
nm0000483,nm0005522,2
nm0000483,nm0025857,2
nm0000490,nm0000648,2
nm0000491,nm0000648,2
nm0000493,nm0000527,6
nm0000502,nm0001855,2
nm0000507,nm0000530,2
nm0000507,nm0000902,2
nm0000514,nm0000997,2
nm0000514,nm0001606,2
nm0000514,nm0574337,2
nm0000514,nm0725284,2
nm0000527,nm0001301,2
nm0000530,nm0000652,2
nm0000530,nm0001738,2
nm0000530,nm0435218,2
nm0000546,nm0000655,2
nm0000546,nm0001215,2
nm0000552,nm0000560,2
nm0000552,nm0001662,2
nm0000554,nm0896509,2
nm0000558,nm0001421,2
nm0000558,nm0001740,3
nm0000559,nm0000638,5
nm0000559,nm0001150,5
nm0000559,nm0001420,5
nm0000560,nm0000576,2
nm0000560,nm0574433,3
nm0000561,nm0001000,3
nm0000561,nm0120178,2
nm0000561,nm0395121,2
nm0000561,nm0665856,2
nm0000561,nm0922301,3
nm0000568,nm0001345,4
nm0000568,nm0324397,3
nm0000579,nm0684500,2
nm0000582,nm0827663,2
nm0000582,nm0898634,2
nm0000587,nm0001812,2
nm0000587,nm0001816,2
nm0000587,nm0007042,2
nm0000587,nm0297450,2
nm0000587,nm0712731,2
nm0000596,nm0001123,2
nm0000597,nm0001967,2
nm0000598,nm0001283,2
nm0000606,nm0002010,3
nm0000608,nm0000885,3
nm0000608,nm0001123,5
nm0000608,nm0001164,2
nm0000615,nm0646943,2
nm0000615,nm0912001,2
nm0000616,nm0722221,2
nm0000619,nm0001606,2
nm0000621,nm0557956,2
nm0000633,nm0001101,2
nm0000638,nm0001150,5
nm0000638,nm0001420,5
nm0000652,nm0001597,2
nm0000653,nm0000996,2
nm0000653,nm0001772,2
nm0000655,nm0001729,2
nm0000662,nm0001617,3
nm0000664,nm0001367,3
nm0000665,nm0001729,2
nm0000686,nm0001606,2
nm0000693,nm0641397,2
nm0000696,nm0470182,2
nm0000698,nm0001640,3
nm0000732,nm0001099,2
nm0000747,nm0000979,2
nm0000747,nm0002025,2
nm0000809,nm0001641,2
nm0000809,nm0529645,2
nm0000809,nm0547339,2
nm0000809,nm0598971,2
nm0000809,nm0688497,2
nm0000821,nm0004434,4
nm0000821,nm0149822,2
nm0000821,nm0244884,2
nm0000821,nm0332871,2
nm0000821,nm0438501,3
nm0000821,nm0451166,4
nm0000821,nm0576495,2
nm0000821,nm0695199,3
nm0000821,nm0700869,2
nm0000821,nm0707425,2
nm0000821,nm0802374,3
nm0000821,nm0894340,2
nm0000849,nm0351029,2
nm0000855,nm0000959,2
nm0000885,nm0001659,2
nm0000901,nm0894608,2
nm0000905,nm0033420,2
nm0000905,nm0684952,2
nm0000905,nm0873385,2
nm0000929,nm0371660,2
nm0000961,nm0492342,2
nm0000979,nm0002025,2
nm0000986,nm0001133,2
nm0000987,nm0004365,2
nm0000987,nm0745780,2
nm0000996,nm0001772,2
nm0001000,nm0003501,4
nm0001000,nm0124973,3
nm0001000,nm0395121,5
nm0001000,nm0598940,2
nm0001000,nm0665856,2
nm0001000,nm0798827,3
nm0001000,nm0909145,4
nm0001000,nm0922301,2
nm0001006,nm0280886,2
nm0001006,nm0506405,3
nm0001006,nm0859772,2
nm0001015,nm0929489,2
nm0001016,nm0039435,2
nm0001016,nm0191611,2
nm0001016,nm0375534,2
nm0001016,nm0538683,2
nm0001016,nm0830153,2
nm0001017,nm0593192,2
nm0001019,nm0124079,2
nm0001028,nm0001902,2
nm0001045,nm0001507,6
nm0001059,nm0249528,2
nm0001062,nm0007940,2
nm0001075,nm0001697,2
nm0001123,nm0339619,2
nm0001145,nm0002147,2
nm0001148,nm0284585,2
nm0001148,nm0593192,2
nm0001150,nm0001420,5
nm0001154,nm0095718,2
nm0001154,nm0416944,3
nm0001177,nm0629737,2
nm0001186,nm0001589,2
nm0001228,nm0593848,2
nm0001233,nm0004365,3
nm0001233,nm0818874,2
nm0001238,nm0515635,2
nm0001276,nm0715274,2
nm0001301,nm0039226,2
nm0001332,nm0001418,2
nm0001334,nm0827663,2
nm0001345,nm0324397,3
nm0001352,nm0817881,5
nm0001357,nm0576851,2
nm0001385,nm0001402,2
nm0001397,nm0859772,2
nm0001409,nm0681566,2
nm0001409,nm0784523,2
nm0001421,nm0001740,2
nm0001421,nm0002989,2
nm0001424,nm0818204,2
nm0001428,nm0172484,2
nm0001428,nm0506784,2
nm0001428,nm0903901,2
nm0001429,nm0038961,2
nm0001429,nm0879764,2
nm0001434,nm0001800,2
nm0001434,nm0001832,2
nm0001434,nm0431451,2
nm0001445,nm0001588,2
nm0001454,nm0552086,2
nm0001454,nm0717212,2
nm0001472,nm0156484,2
nm0001472,nm0157785,2
nm0001472,nm0161275,2
nm0001472,nm0874865,2
nm0001472,nm0944578,2
nm0001494,nm0001552,3
nm0001505,nm0426666,2
nm0001522,nm0706619,2
nm0001525,nm0091899,2
nm0001588,nm0053519,2
nm0001588,nm0827663,2
nm0001595,nm0001914,2
nm0001595,nm0223738,2
nm0001595,nm0236711,2
nm0001595,nm0336797,2
nm0001595,nm0491005,2
nm0001598,nm0187790,2
nm0001598,nm0826243,3
nm0001602,nm0001698,2
nm0001617,nm0191997,2
nm0001638,nm0118268,2
nm0001650,nm0180984,3
nm0001657,nm0001816,2
nm0001657,nm0007042,2
nm0001659,nm0178114,2
nm0001674,nm0005300,2
nm0001709,nm0473166,2
nm0001738,nm0435218,2
nm0001745,nm0030153,2
nm0001759,nm0516215,2
nm0001765,nm0001777,2
nm0001812,nm0172484,2
nm0001815,nm0126093,2
nm0001816,nm0007042,2
nm0001831,nm0005202,2
nm0001831,nm0722636,2
nm0001835,nm0949350,2
nm0001866,nm0076523,2
nm0001866,nm0951420,2
nm0001902,nm0706883,2
nm0001902,nm0729473,2
nm0001917,nm0350884,2
nm0001934,nm0004570,2
nm0001993,nm0468003,2
nm0001999,nm0343472,2
nm0002000,nm0150774,2
nm0002000,nm0150850,2
nm0002000,nm0158605,2
nm0002000,nm0160846,2
nm0002000,nm0401207,2
nm0002000,nm0490489,2
nm0002000,nm0490513,2
nm0002000,nm0504897,3
nm0002000,nm0504899,2
nm0002000,nm0862479,2
nm0002002,nm0644523,2
nm0002002,nm0760796,3
nm0002010,nm0116091,2
nm0002010,nm0451828,2
nm0002018,nm0316284,2
nm0002037,nm0212921,2
nm0002073,nm0364490,2
nm0002094,nm0316284,3
nm0002157,nm0062353,7
nm0002157,nm0081547,6
nm0002157,nm0117632,2
nm0002157,nm0294680,2
nm0002181,nm0704719,2
nm0002181,nm0720277,2
nm0002181,nm0884581,2
nm0002231,nm0266890,2
nm0002239,nm0072934,2
nm0002239,nm0206528,2
nm0002396,nm0111926,3
nm0002396,nm0261724,2
nm0002396,nm0413470,3
nm0002396,nm0453571,2
nm0002396,nm0821734,2
nm0002396,nm0835144,3
nm0002743,nm0002989,2
nm0002989,nm0461109,2
nm0002989,nm0893181,2
nm0003501,nm0010799,2
nm0003501,nm0040173,2
nm0003501,nm0249982,2
nm0003501,nm0279366,2
nm0003501,nm0395121,2
nm0003501,nm0449404,2
nm0003501,nm0504126,2
nm0003508,nm0634159,2
nm0003508,nm0688497,2
nm0003508,nm0898317,2
nm0003612,nm0156434,3
nm0003612,nm0490513,3
nm0003612,nm0497097,2
nm0003612,nm0498429,2
nm0004109,nm0006763,2
nm0004109,nm0007106,3
nm0004109,nm0051091,2
nm0004109,nm0149822,3
nm0004109,nm0159159,3
nm0004109,nm0332871,2
nm0004109,nm0451148,2
nm0004109,nm0643350,2
nm0004109,nm0846681,2
nm0004149,nm0004365,4
nm0004149,nm0339888,3
nm0004149,nm0363615,3
nm0004365,nm0082653,2
nm0004365,nm0175060,2
nm0004365,nm0320180,2
nm0004365,nm0339888,2
nm0004365,nm0689057,2
nm0004365,nm0745780,2
nm0004429,nm0004570,4
nm0004429,nm0006369,3
nm0004429,nm0149822,4
nm0004429,nm0159159,2
nm0004429,nm0420090,2
nm0004429,nm0451396,2
nm0004433,nm0006763,2
nm0004433,nm0451600,3
nm0004434,nm0004570,3
nm0004434,nm0044796,2
nm0004434,nm0451425,2
nm0004434,nm0456093,2
nm0004434,nm0700875,2
nm0004434,nm0802374,2
nm0004462,nm0006939,2
nm0004462,nm0105475,3
nm0004462,nm0108400,2
nm0004462,nm0440913,2
nm0004462,nm0734000,2
nm0004462,nm0822004,2
nm0004462,nm0933727,3
nm0004486,nm0761420,2
nm0004569,nm0451396,2
nm0004569,nm0451600,2
nm0004569,nm0707425,2
nm0004569,nm0712546,2
nm0004570,nm0006369,2
nm0004570,nm0007106,2
nm0004570,nm0149822,2
nm0004570,nm0310173,3
nm0004570,nm0417714,2
nm0004570,nm0451396,2
nm0004570,nm0534501,3
nm0004570,nm0802374,2
nm0004625,nm0138405,2
nm0004821,nm0788829,2
nm0005019,nm0369567,2
nm0005033,nm0150796,2
nm0005033,nm0150894,2
nm0005033,nm0151005,2
nm0005033,nm0155582,2
nm0005033,nm0156434,2
nm0005033,nm0156495,2
nm0005033,nm0157759,2
nm0005033,nm0161275,2
nm0005033,nm0284016,2
nm0005033,nm0298689,3
nm0005033,nm0388367,5
nm0005033,nm0398987,2
nm0005033,nm0482580,8
nm0005033,nm0490489,4
nm0005033,nm0504899,2
nm0005033,nm0516310,2
nm0005033,nm0538353,2
nm0005033,nm0594226,2
nm0005033,nm0628827,4
nm0005033,nm0628877,2
nm0005033,nm0762632,2
nm0005033,nm0874676,3
nm0005033,nm0943138,2
nm0005033,nm0950707,8
nm0005078,nm0212921,2
nm0005202,nm0722636,2
nm0005435,nm0367005,2
nm0006369,nm0438463,3
nm0006498,nm0440480,4
nm0006664,nm0009368,2
nm0006762,nm0438501,2
nm0006762,nm0786022,2
nm0006762,nm0894340,2
nm0006763,nm0007106,2
nm0006763,nm0007113,5
nm0006763,nm0007147,2
nm0006763,nm0149822,2
nm0006763,nm0219939,2
nm0006763,nm0219971,5
nm0006763,nm0412917,2
nm0006763,nm0434318,2
nm0006763,nm0438463,8
nm0006763,nm0451321,2
nm0006763,nm0451425,2
nm0006763,nm0474801,2
nm0006763,nm0474820,2
nm0006763,nm0712546,3
nm0006763,nm0787462,3
nm0006795,nm0434318,2
nm0006795,nm0474820,2
nm0006842,nm0305955,2
nm0006939,nm0105475,2
nm0006939,nm0359894,3
nm0007023,nm0031511,2
nm0007023,nm0162223,3
nm0007023,nm0260330,3
nm0007023,nm0273178,3
nm0007023,nm0307468,2
nm0007023,nm0328020,5
nm0007023,nm0600120,3
nm0007023,nm0654843,2
nm0007023,nm0699909,5
nm0007023,nm0768574,2
nm0007069,nm0138405,2
nm0007106,nm0149822,2
nm0007106,nm0332871,6
nm0007106,nm0434318,4
nm0007106,nm0438463,4
nm0007106,nm0474868,2
nm0007106,nm0643350,2
nm0007139,nm0477108,2
nm0007210,nm0541576,2
nm0007620,nm0008206,2
nm0007746,nm0072768,2
nm0007746,nm0084241,2
nm0007746,nm0147794,2
nm0007746,nm0582074,2
nm0008124,nm0252847,3
nm0008124,nm0711631,2
nm0008206,nm0258168,3
nm0008206,nm0368017,2
nm0008311,nm0246150,2
nm0008311,nm0476814,2
nm0008311,nm0810550,2
nm0008311,nm0946160,2
nm0008311,nm0953982,2
nm0008704,nm0348018,2
nm0009368,nm0479753,2
nm0011058,nm0522287,2
nm0011464,nm0059300,2
nm0011553,nm0059303,2
nm0011990,nm0017133,2
nm0012294,nm0861141,2
nm0012602,nm0029177,2
nm0012602,nm0280802,2
nm0012602,nm0664203,2
nm0013158,nm0149822,2
nm0013171,nm0259301,2
nm0013501,nm0015671,2
nm0013501,nm0020405,2
nm0013501,nm0031217,2
nm0013501,nm0051777,2
nm0013741,nm0084289,2
nm0013741,nm0273538,2
nm0014227,nm0158801,2
nm0014227,nm0161149,2
nm0014558,nm0354653,2
nm0015081,nm0258905,2
nm0016321,nm0035280,2
nm0016321,nm0501288,2
nm0016321,nm0690610,3
nm0016642,nm0084241,3
nm0017062,nm0185504,2
nm0017988,nm0831262,2
nm0018872,nm0328020,2
nm0018872,nm0484376,3
nm0018872,nm0720277,2
nm0018872,nm0764450,2
nm0018931,nm0025777,2
nm0018931,nm0028986,2
nm0019427,nm0149822,2
nm0021193,nm0050781,2
nm0022264,nm0261681,2
nm0022451,nm0275009,2
nm0022658,nm0172635,2
nm0022658,nm0269793,2
nm0022765,nm0328020,2
nm0022765,nm0385860,2
nm0022765,nm0553650,2
nm0022952,nm0469133,2
nm0023693,nm0484397,2
nm0023904,nm0689430,2
nm0024580,nm0578633,3
nm0024580,nm0686375,2
nm0025389,nm0149822,4
nm0025389,nm0197582,2
nm0025630,nm0149822,3
nm0027245,nm0210477,2
nm0027984,nm0126549,2
nm0029158,nm0063273,2
nm0029177,nm0091336,2
nm0029515,nm0029860,2
nm0029962,nm0782213,2
nm0031026,nm0704164,2
nm0031511,nm0144292,2
nm0031511,nm0690303,2
nm0031634,nm0099560,2
nm0032122,nm0579143,2
nm0033740,nm0104790,2
nm0033740,nm0107985,2
nm0034079,nm0045870,2
nm0034079,nm0244707,4
nm0034253,nm0873385,2
nm0034390,nm0105475,2
nm0034725,nm0065007,2
nm0035007,nm0258168,2
nm0037274,nm0043934,2
nm0037372,nm0131008,2
nm0038355,nm0847562,2
nm0040173,nm0249982,2
nm0040173,nm0449404,2
nm0040545,nm0690303,2
nm0040910,nm0256628,2
nm0040910,nm0535332,8
nm0040910,nm0620018,2
nm0040910,nm0793726,9
nm0040910,nm0949069,5
nm0041253,nm0628726,2
nm0042104,nm0932870,2
nm0042800,nm0119725,2
nm0042800,nm0449431,2
nm0042884,nm0933310,2
nm0044796,nm0332871,2
nm0044796,nm0415556,2
nm0044796,nm0434318,3
nm0044796,nm0438463,2
nm0045870,nm0545383,3
nm0045870,nm0719914,2
nm0045937,nm0878155,2
nm0046152,nm0346993,2
nm0046269,nm0844476,2
nm0046894,nm0318622,2
nm0046922,nm0767368,2
nm0047016,nm0155587,2
nm0047016,nm0284608,2
nm0047016,nm0702666,2
nm0047578,nm0486456,3
nm0049121,nm0439586,3
nm0050966,nm0086134,2
nm0050966,nm0165490,2
nm0050966,nm0209209,2
nm0050983,nm0167388,2
nm0051282,nm0246150,2
nm0051282,nm0955671,2
nm0051856,nm0154164,2
nm0051880,nm0290628,2
nm0051880,nm0694843,4
nm0051880,nm0897715,4
nm0051880,nm0899911,4
nm0051984,nm0595115,2
nm0051984,nm0697514,3
nm0051984,nm0970211,2
nm0053230,nm0744599,2
nm0053863,nm0272604,2
nm0055018,nm0055020,2
nm0055549,nm0170550,2
nm0056965,nm0809770,2
nm0057436,nm0671855,2
nm0057825,nm0246822,2
nm0059695,nm0060681,2
nm0059698,nm0865571,3
nm0059847,nm0246150,3
nm0059971,nm0529543,2
nm0060681,nm0305053,4
nm0062353,nm0081547,3
nm0063773,nm0612064,2
nm0066075,nm0451307,2
nm0066133,nm0084402,2
nm0066223,nm0150796,9
nm0066223,nm0150850,3
nm0066223,nm0151155,5
nm0066223,nm0159507,2
nm0066223,nm0490489,3
nm0066223,nm0516319,2
nm0066223,nm0943138,2
nm0067122,nm0440480,2
nm0070987,nm0140649,2
nm0071179,nm0224294,2
nm0072768,nm0147794,2
nm0073221,nm0799108,2
nm0073426,nm0332871,2
nm0073498,nm0960359,2
nm0074101,nm0195750,2
nm0074125,nm0626259,2
nm0074151,nm0690610,3
nm0075003,nm0252473,3
nm0075003,nm0387141,3
nm0075003,nm0489858,3
nm0076523,nm0951420,2
nm0079916,nm0350350,2
nm0080173,nm0415556,2
nm0080445,nm0149822,2
nm0080445,nm0151539,2
nm0081041,nm0881809,2
nm0081547,nm0117632,2
nm0081702,nm0084241,2
nm0082599,nm0433495,2
nm0082653,nm0689057,2
nm0082761,nm0124632,2
nm0083238,nm0223524,2
nm0083238,nm0415556,2
nm0083534,nm0149822,2
nm0084289,nm0896446,2
nm0084360,nm0099084,2
nm0084402,nm0118840,2
nm0084402,nm0296389,2
nm0084402,nm0464945,2
nm0084402,nm0523821,2
nm0084402,nm0668640,3
nm0084402,nm0836136,2
nm0084402,nm0944134,2
nm0086134,nm0209209,3
nm0086134,nm0515697,2
nm0086952,nm0634159,2
nm0087141,nm0092184,2
nm0087141,nm0220908,2
nm0087141,nm0243355,2
nm0087593,nm0580725,3
nm0087992,nm0361570,2
nm0088250,nm0176035,2
nm0088250,nm0630193,2
nm0089877,nm0921713,2
nm0089882,nm0578853,2
nm0090604,nm0096844,2
nm0090604,nm0707618,2
nm0091336,nm0891755,2
nm0092184,nm0301556,2
nm0092184,nm0320762,2
nm0092184,nm0320808,2
nm0092184,nm0399437,2
nm0092184,nm0404091,2
nm0092184,nm0539022,2
nm0092184,nm0547339,2
nm0092482,nm0759685,2
nm0092482,nm0865396,3
nm0092482,nm0957372,2
nm0092592,nm0389109,2
nm0092592,nm0649012,2
nm0092789,nm0131033,2
nm0092789,nm0211565,8
nm0092789,nm0292291,3
nm0092789,nm0339619,4
nm0093585,nm0134073,5
nm0093585,nm0195293,2
nm0093585,nm0290628,2
nm0093585,nm0587401,4
nm0093585,nm0598720,2
nm0094625,nm0657004,2
nm0094625,nm0661118,2
nm0094625,nm0721386,2
nm0094782,nm0644023,2
nm0096844,nm0476814,2
nm0096846,nm0813463,2
nm0097391,nm0104753,2
nm0098734,nm0347656,2
nm0098928,nm0396355,2
nm0098928,nm0479745,2
nm0099084,nm0487022,2
nm0099378,nm0508293,2
nm0099828,nm0132064,3
nm0099828,nm0529591,2
nm0100556,nm0316284,2
nm0102280,nm0151155,2
nm0102280,nm0298689,2
nm0102280,nm0490489,3
nm0102522,nm0784884,2
nm0104790,nm0107985,2
nm0104979,nm0116339,2
nm0104979,nm0252473,2
nm0105475,nm0187337,3
nm0106061,nm0267838,2
nm0108400,nm0508293,2
nm0108539,nm0484397,4
nm0109485,nm0876256,2
nm0111941,nm0937202,2
nm0115730,nm0946179,2
nm0116339,nm0252473,5
nm0116339,nm0348965,6
nm0116339,nm0352195,2
nm0117505,nm0467478,2
nm0119725,nm0126559,2
nm0119725,nm0449431,4
nm0120178,nm0124973,2
nm0120178,nm0395121,2
nm0120381,nm0344655,2
nm0120381,nm0819825,2
nm0120494,nm0261724,2
nm0121007,nm0679466,2
nm0121018,nm0685345,2
nm0121559,nm0233027,2
nm0122050,nm0125909,2
nm0122167,nm0122168,2
nm0122168,nm0509676,2
nm0122653,nm0569458,2
nm0124973,nm0830293,2
nm0126559,nm0449431,2
nm0126960,nm0307468,2
nm0127255,nm0271136,2
nm0127631,nm0622931,2
nm0127631,nm0654843,2
nm0127656,nm0562210,2
nm0128061,nm0128062,2
nm0129004,nm0249982,2
nm0129590,nm0562583,2
nm0130271,nm0490623,2
nm0131033,nm0211565,4
nm0131033,nm0223825,2
nm0131033,nm0339619,2
nm0132064,nm0529591,2
nm0133328,nm0736534,2
nm0134073,nm0694843,2
nm0136789,nm0479772,2
nm0136789,nm0597816,2
nm0136789,nm0868139,4
nm0137728,nm0645327,3
nm0137728,nm0958784,2
nm0138405,nm0301556,2
nm0138405,nm0347453,2
nm0138405,nm0487022,2
nm0139213,nm0899911,4
nm0140649,nm0718704,2
nm0142452,nm0194681,2
nm0142983,nm0328020,2
nm0142983,nm0576327,2
nm0145030,nm0617307,2
nm0145061,nm0408476,2
nm0145061,nm0408600,2
nm0145914,nm0148315,2
nm0145914,nm0174289,2
nm0145914,nm0235551,2
nm0146431,nm0656801,2
nm0147167,nm0217466,2
nm0147592,nm0660266,2
nm0147592,nm0682251,3
nm0147721,nm0524093,2
nm0147721,nm0713999,2
nm0147721,nm0885474,2
nm0147983,nm0599604,3
nm0148041,nm0598720,2
nm0148041,nm0608311,2
nm0148041,nm0865575,2
nm0148393,nm0398703,3
nm0148393,nm0814162,2
nm0148992,nm0544432,2
nm0149260,nm0268543,2
nm0149603,nm0286247,2
nm0149822,nm0159159,3
nm0149822,nm0318622,3
nm0149822,nm0363055,2
nm0149822,nm0411539,2
nm0149822,nm0434318,2
nm0149822,nm0451600,2
nm0149822,nm0613417,2
nm0149822,nm0643350,2
nm0149822,nm0700869,2
nm0149822,nm0787462,2
nm0150400,nm0704044,2
nm0150527,nm0324698,2
nm0150783,nm0490513,2
nm0150796,nm0156434,7
nm0150796,nm0161213,2
nm0150796,nm0232504,2
nm0150796,nm0628756,3
nm0150796,nm0848355,3
nm0150796,nm0874676,2
nm0150796,nm0938893,2
nm0150796,nm0943138,3
nm0150844,nm0304709,2
nm0150844,nm0943138,3
nm0150850,nm0151155,2
nm0150850,nm0156484,2
nm0150850,nm0158605,5
nm0150850,nm0159507,2
nm0150850,nm0161275,2
nm0150850,nm0298689,8
nm0150850,nm0482714,2
nm0150850,nm0490489,6
nm0150850,nm0793384,2
nm0150850,nm0848355,4
nm0150850,nm0874676,3
nm0150850,nm0939147,2
nm0150862,nm0151068,4
nm0150862,nm0151155,3
nm0150862,nm0152054,2
nm0150862,nm0156955,2
nm0150862,nm0490489,2
nm0150862,nm0593711,2
nm0150862,nm0628827,2
nm0150862,nm0762632,2
nm0150862,nm0943138,2
nm0150874,nm0155587,2
nm0150874,nm0266649,2
nm0150887,nm0156484,2
nm0150894,nm0155587,3
nm0150894,nm0158605,2
nm0150894,nm0159474,2
nm0150894,nm0515030,2
nm0150894,nm0874676,2
nm0150940,nm0497642,2
nm0150952,nm0151045,2
nm0150952,nm0155562,2
nm0150973,nm0490513,2
nm0150973,nm0938893,2
nm0150973,nm0945189,3
nm0150987,nm0151045,2
nm0150987,nm0467603,2
nm0150987,nm0875275,2
nm0150987,nm0939255,3
nm0150994,nm0504899,2
nm0151005,nm0151068,2
nm0151005,nm0155587,3
nm0151005,nm0161213,2
nm0151005,nm0482580,4
nm0151068,nm0151155,4
nm0151068,nm0482708,2
nm0151068,nm0628827,4
nm0151068,nm0762632,4
nm0151068,nm0795806,2
nm0151080,nm0155291,2
nm0151080,nm0862479,2
nm0151155,nm0156434,3
nm0151155,nm0156558,2
nm0151155,nm0157748,2
nm0151155,nm0160865,2
nm0151155,nm0298689,3
nm0151155,nm0399070,4
nm0151155,nm0438071,5
nm0151155,nm0490489,4
nm0151155,nm0490623,2
nm0151155,nm0504897,2
nm0151155,nm0504973,3
nm0151155,nm0514998,2
nm0151155,nm0628757,2
nm0151155,nm0793008,4
nm0151155,nm0848903,2
nm0151155,nm0862479,3
nm0151155,nm0874868,2
nm0151655,nm0297143,2
nm0151696,nm0415777,2
nm0151755,nm0504973,2
nm0151815,nm0633080,2
nm0151866,nm0415777,2
nm0152054,nm0284533,2
nm0152061,nm0485950,2
nm0154110,nm0244884,2
nm0154118,nm0154164,2
nm0154164,nm0212541,2
nm0154164,nm0315917,2
nm0155264,nm0504973,2
nm0155291,nm0157785,3
nm0155291,nm0160865,3
nm0155291,nm0284533,3
nm0155291,nm0399070,2
nm0155291,nm0490492,2
nm0155291,nm0497097,2
nm0155291,nm0516316,4
nm0155291,nm0656647,2
nm0155291,nm0862479,3
nm0155291,nm0874676,2
nm0155291,nm0874868,2
nm0155291,nm0906402,2
nm0155532,nm0490614,2
nm0155562,nm0155587,2
nm0155572,nm0160865,2
nm0155577,nm0490513,2
nm0155582,nm0628806,2
nm0155587,nm0156467,2
nm0155587,nm0156484,2
nm0155587,nm0156506,2
nm0155587,nm0161275,2
nm0155587,nm0284608,2
nm0155587,nm0298689,4
nm0155587,nm0482572,2
nm0155587,nm0490489,2
nm0155587,nm0490513,2
nm0155587,nm0497097,3
nm0155587,nm0514998,10
nm0155587,nm0515030,5
nm0155587,nm0526712,2
nm0155587,nm0628827,2
nm0155587,nm0702666,4
nm0155587,nm0874676,2
nm0155587,nm0875275,3
nm0155587,nm0943138,2
nm0155587,nm0945189,4
nm0155593,nm0156434,3
nm0155593,nm0481717,3
nm0155593,nm0490521,2
nm0155593,nm0504899,2
nm0155593,nm0939236,2
nm0155599,nm0156564,2
nm0155599,nm0159435,2
nm0155599,nm0284533,4
nm0155599,nm0498429,2
nm0155599,nm0504973,3
nm0155599,nm0874676,2
nm0155599,nm0943138,4
nm0155599,nm0945189,3
nm0155923,nm0676014,2
nm0156434,nm0482630,3
nm0156434,nm0490489,2
nm0156434,nm0504899,2
nm0156434,nm0628806,3
nm0156434,nm0876603,2
nm0156434,nm0938893,3
nm0156460,nm0156955,2
nm0156460,nm0159027,2
nm0156467,nm0477209,2
nm0156467,nm0504897,2
nm0156467,nm0628806,3
nm0156467,nm0945189,2
nm0156484,nm0159507,2
nm0156484,nm0161275,3
nm0156484,nm0401204,2
nm0156484,nm0481709,2
nm0156484,nm0490489,2
nm0156484,nm0504897,4
nm0156484,nm0504899,3
nm0156484,nm0504973,2
nm0156484,nm0628747,2
nm0156484,nm0628756,2
nm0156484,nm0628806,3
nm0156484,nm0874676,6
nm0156484,nm0876603,3
nm0156484,nm0939255,2
nm0156484,nm0945189,4
nm0156495,nm0943138,2
nm0156497,nm0387360,2
nm0156506,nm0158605,2
nm0156506,nm0438071,2
nm0156506,nm0490489,2
nm0156506,nm0594226,2
nm0156506,nm0943138,2
nm0156506,nm0945189,2
nm0156509,nm0159435,2
nm0156533,nm0467603,2
nm0156542,nm0862479,3
nm0156558,nm0157971,2
nm0156558,nm0490489,2
nm0156558,nm0504899,2
nm0156558,nm0628757,2
nm0156558,nm0628806,2
nm0156558,nm0793008,2
nm0156558,nm0939209,2
nm0156558,nm0945189,2
nm0156739,nm0424800,2
nm0156875,nm0628827,3
nm0156891,nm0793008,2
nm0156955,nm0157971,2
nm0156955,nm0160865,2
nm0156955,nm0848355,2
nm0156955,nm0874676,3
nm0156982,nm0157785,2
nm0156982,nm0398745,2
nm0156982,nm0477231,6
nm0156982,nm0509600,3
nm0156982,nm0516327,2
nm0156982,nm0523711,3
nm0157395,nm0490489,2
nm0157741,nm0158605,2
nm0157741,nm0490489,2
nm0157741,nm0497097,2
nm0157741,nm0793008,2
nm0157759,nm0157785,2
nm0157759,nm0482580,3
nm0157759,nm0793008,2
nm0157759,nm0943138,3
nm0157785,nm0158605,2
nm0157785,nm0159435,3
nm0157785,nm0401204,3
nm0157785,nm0477231,2
nm0157785,nm0482580,4
nm0157785,nm0504973,2
nm0157785,nm0514922,2
nm0157785,nm0516327,2
nm0157785,nm0874868,2
nm0157971,nm0161213,2
nm0157971,nm0298689,2
nm0157971,nm0490489,6
nm0157971,nm0504897,2
nm0157971,nm0628806,3
nm0157971,nm0762632,2
nm0157971,nm0874676,4
nm0158414,nm0161275,2
nm0158414,nm0944578,2
nm0158587,nm0380227,2
nm0158605,nm0284533,2
nm0158605,nm0298689,4
nm0158605,nm0473314,2
nm0158605,nm0477071,2
nm0158605,nm0482580,2
nm0158605,nm0490489,3
nm0158605,nm0490497,3
nm0158605,nm0526714,2
nm0158605,nm0537301,2
nm0158605,nm0628756,2
nm0158605,nm0793008,3
nm0158605,nm0950954,3
nm0158649,nm0398801,2
nm0158656,nm0790925,2
nm0158659,nm0628756,2
nm0159037,nm0359154,2
nm0159053,nm0722221,2
nm0159129,nm0529645,2
nm0159159,nm0219971,2
nm0159159,nm0332871,2
nm0159159,nm0438463,2
nm0159159,nm0802374,2
nm0159201,nm0232504,2
nm0159201,nm0504899,2
nm0159330,nm0315917,2
nm0159435,nm0284016,2
nm0159435,nm0284533,2
nm0159474,nm0298689,2
nm0159507,nm0161275,2
nm0159507,nm0437630,2
nm0159507,nm0490489,2
nm0159507,nm0628806,15
nm0159507,nm0793008,4
nm0159507,nm0910729,2
nm0160865,nm0304708,2
nm0160865,nm0438071,4
nm0160865,nm0490521,2
nm0160865,nm0504973,2
nm0160865,nm0514904,2
nm0160865,nm0702666,2
nm0160865,nm0794827,2
nm0160865,nm0874676,2
nm0160865,nm0939251,3
nm0160865,nm0939429,2
nm0161213,nm0298689,2
nm0161213,nm0482580,3
nm0161213,nm0490497,2
nm0161213,nm0943138,2
nm0161275,nm0482714,3
nm0161275,nm0490489,5
nm0161275,nm0594226,5
nm0161275,nm0628806,3
nm0161275,nm0793008,2
nm0161275,nm0944578,2
nm0161275,nm0945189,2
nm0161892,nm0899911,2
nm0162223,nm0260330,2
nm0162223,nm0328020,2
nm0162502,nm0207834,2
nm0162502,nm0246822,3
nm0162502,nm0346962,2
nm0162502,nm0381695,2
nm0162502,nm0798189,2
nm0162524,nm0720029,2
nm0163776,nm0690610,2
nm0165316,nm0843237,5
nm0165720,nm0443367,2
nm0167388,nm0719914,2
nm0167388,nm0785664,2
nm0167388,nm0932870,2
nm0172484,nm0499718,2
nm0172635,nm0269793,2
nm0173353,nm0258550,2
nm0173354,nm0674877,2
nm0173354,nm0785664,2
nm0174082,nm0290716,2
nm0174290,nm0654843,2
nm0174290,nm0757824,2
nm0174290,nm0951145,2
nm0175060,nm0683119,2
nm0176035,nm0225216,2
nm0176161,nm0472941,3
nm0176161,nm0960828,2
nm0176161,nm0961039,2
nm0176412,nm0211565,2
nm0176599,nm0383449,2
nm0176979,nm0301330,2
nm0176979,nm0624772,2
nm0177933,nm0579116,2
nm0180580,nm0700206,2
nm0183310,nm0711014,2
nm0184080,nm0217431,2
nm0184085,nm0184102,2
nm0187337,nm0639054,2
nm0187337,nm0674742,2
nm0187337,nm0681566,2
nm0188021,nm0195293,2
nm0190691,nm0258272,3
nm0190691,nm0477570,2
nm0190691,nm0534508,2
nm0191288,nm0271262,2
nm0191288,nm0578572,2
nm0192432,nm0200922,2
nm0192432,nm0468540,3
nm0192432,nm0734263,3
nm0192685,nm0334536,2
nm0196181,nm0304227,2
nm0196181,nm0307468,2
nm0196327,nm0196328,2
nm0196801,nm0679160,2
nm0199325,nm0480099,2
nm0199592,nm0579012,2
nm0200922,nm0468540,2
nm0200922,nm0734263,2
nm0201695,nm0724604,2
nm0202515,nm0202516,2
nm0202515,nm0215856,2
nm0202516,nm0215856,2
nm0203768,nm0718759,2
nm0206870,nm0953881,5
nm0207458,nm0225921,2
nm0208674,nm0241696,2
nm0208674,nm0527002,4
nm0208674,nm0710341,2
nm0208674,nm0813691,2
nm0209056,nm0246717,2
nm0209209,nm0515697,3
nm0211565,nm0292291,2
nm0211565,nm0339619,4
nm0211565,nm0893872,2
nm0213596,nm0427937,2
nm0213596,nm0940148,2
nm0217260,nm0889242,2
nm0217880,nm0785664,2
nm0218272,nm0841242,2
nm0219939,nm0219971,3
nm0219939,nm0438463,2
nm0219939,nm0700869,3
nm0219939,nm0768296,2
nm0219939,nm0792911,2
nm0219971,nm0438463,3
nm0219971,nm0451600,3
nm0219971,nm0700869,4
nm0220724,nm0790202,2
nm0224403,nm0610206,2
nm0224403,nm0956402,2
nm0224441,nm0904847,2
nm0224882,nm0673319,2
nm0225610,nm0489196,2
nm0226699,nm0543547,2
nm0227708,nm0409622,2
nm0227708,nm0881984,2
nm0228678,nm0666966,2
nm0229352,nm0900492,2
nm0229415,nm0836136,2
nm0230029,nm0476987,2
nm0231120,nm0449044,2
nm0232504,nm0298689,2
nm0232504,nm0398944,2
nm0232504,nm0504973,2
nm0232504,nm0862479,3
nm0232504,nm0867242,2
nm0232504,nm0945189,2
nm0233027,nm0533175,2
nm0233336,nm0709236,2
nm0234809,nm0395121,2
nm0234809,nm0584489,2
nm0234809,nm0798827,2
nm0237847,nm0484686,2
nm0241325,nm0896557,2
nm0241696,nm0527002,3
nm0241696,nm0738887,2
nm0244296,nm0331724,2
nm0244707,nm0524528,2
nm0244884,nm0315917,2
nm0245344,nm0896557,2
nm0246150,nm0311059,3
nm0246150,nm0407720,2
nm0246150,nm0475610,2
nm0246150,nm0810550,2
nm0246150,nm0946160,2
nm0246150,nm0947698,2
nm0246150,nm0955671,2
nm0246408,nm0273193,5
nm0246408,nm0616392,4
nm0246728,nm0511703,2
nm0246822,nm0524230,3
nm0246894,nm0258272,3
nm0247353,nm0399685,2
nm0247353,nm0644430,3
nm0247642,nm0814679,2
nm0248364,nm0302080,2
nm0248364,nm0555260,2
nm0248364,nm0708790,2
nm0248364,nm0755364,2
nm0249020,nm0455810,2
nm0249892,nm0798827,3
nm0249982,nm0922301,2
nm0251656,nm0839209,2
nm0252473,nm0348965,4
nm0252473,nm0387141,3
nm0252473,nm0489858,3
nm0252847,nm0592804,2
nm0253216,nm0347202,2
nm0253216,nm0351029,3
nm0255544,nm0616385,2
nm0255544,nm0896446,2
nm0256387,nm0415617,2
nm0256628,nm0299201,2
nm0256628,nm0535332,2
nm0256628,nm0847562,2
nm0258168,nm0368017,2
nm0258168,nm0556305,2
nm0258168,nm0621987,3
nm0258168,nm0711153,2
nm0258272,nm0844462,2
nm0259301,nm0259326,4
nm0259301,nm0710129,2
nm0259361,nm0283345,2
nm0259361,nm0322870,2
nm0259724,nm0265873,2
nm0259724,nm0443502,2
nm0260330,nm0273178,2
nm0260330,nm0328020,4
nm0261681,nm0303918,2
nm0261681,nm0379678,2
nm0261681,nm0580853,3
nm0261681,nm0654843,11
nm0261681,nm0657004,7
nm0261681,nm0713999,4
nm0261681,nm0953400,2
nm0265853,nm0693625,2
nm0266266,nm0952911,2
nm0266521,nm0558949,2
nm0266652,nm0266658,2
nm0266890,nm0352157,2
nm0266890,nm0748207,2
nm0266996,nm0311059,2
nm0266996,nm0463805,2
nm0268094,nm0911285,2
nm0268724,nm0347842,2
nm0270607,nm0313443,2
nm0272147,nm0303220,2
nm0272147,nm0645860,2
nm0272295,nm0392250,2
nm0272295,nm0511277,2
nm0273090,nm0714805,2
nm0273090,nm0897715,2
nm0273178,nm0328020,4
nm0273178,nm0704719,3
nm0273178,nm0755364,2
nm0273193,nm0616392,6
nm0273508,nm0953881,2
nm0274068,nm0300546,2
nm0275913,nm0402730,2
nm0276410,nm0418083,2
nm0278947,nm0332052,3
nm0278947,nm0935498,3
nm0280132,nm0761420,2
nm0280802,nm0881710,2
nm0281130,nm0588553,2
nm0283345,nm0322870,2
nm0283846,nm0526183,2
nm0283846,nm0628689,2
nm0284015,nm0510903,2
nm0284015,nm0628806,4
nm0284015,nm0797679,5
nm0284016,nm0939209,2
nm0284533,nm0387322,3
nm0284533,nm0504973,2
nm0284533,nm0514998,2
nm0284533,nm0628757,2
nm0284533,nm0945189,2
nm0284585,nm0593192,2
nm0284613,nm0477071,2
nm0286803,nm0826549,2
nm0290628,nm0694843,2
nm0292291,nm0339619,2
nm0295506,nm0394176,2
nm0295506,nm0443367,2
nm0295740,nm0827200,2
nm0295823,nm0618057,2
nm0297143,nm0473314,2
nm0297143,nm0477231,2
nm0297143,nm0514904,2
nm0297143,nm0862479,3
nm0298689,nm0399074,2
nm0298689,nm0401204,2
nm0298689,nm0482580,2
nm0298689,nm0490489,4
nm0298689,nm0594226,2
nm0298689,nm0628827,3
nm0298689,nm0874676,8
nm0298689,nm0939147,2
nm0298689,nm0939251,2
nm0299192,nm0436776,6
nm0299923,nm0353448,2
nm0300565,nm0422981,2
nm0301330,nm0471692,3
nm0301330,nm0624772,2
nm0301515,nm0511277,2
nm0301515,nm0668640,2
nm0301515,nm0952498,3
nm0301556,nm0320801,2
nm0301556,nm0785664,2
nm0302080,nm0328020,2
nm0303220,nm0645860,2
nm0303437,nm0759252,2
nm0303909,nm0524528,2
nm0303918,nm0328020,2
nm0304708,nm0906402,3
nm0304709,nm0510533,2
nm0304839,nm0449431,2
nm0305737,nm0515635,6
nm0305737,nm0562210,2
nm0305737,nm0691891,2
nm0309348,nm0865571,2
nm0311059,nm0892188,2
nm0312710,nm0479745,2
nm0312768,nm0951828,2
nm0314048,nm0487025,2
nm0314048,nm0950881,2
nm0314305,nm0845609,2
nm0315767,nm0316284,2
nm0315767,nm0744107,2
nm0316977,nm0636893,2
nm0316977,nm0908539,2
nm0316977,nm0945632,2
nm0317718,nm0515635,2
nm0320180,nm0593192,2
nm0320801,nm0432040,2
nm0320808,nm0435726,3
nm0320808,nm0487254,2
nm0324067,nm0503201,2
nm0324843,nm0787462,2
nm0328020,nm0562841,2
nm0328020,nm0704719,2
nm0328020,nm0723041,2
nm0328020,nm0755364,2
nm0328020,nm0768574,2
nm0331724,nm0438712,2
nm0331735,nm0681126,2
nm0332052,nm0473252,4
nm0332052,nm0935498,2
nm0332871,nm0363055,2
nm0332871,nm0420090,2
nm0332871,nm0434318,6
nm0332871,nm0438463,2
nm0332871,nm0451600,2
nm0332871,nm0659233,2
nm0332871,nm0710211,2
nm0332871,nm0764669,2
nm0333179,nm0345616,2
nm0333701,nm0807571,5
nm0333701,nm0935498,6
nm0334601,nm0937304,2
nm0337167,nm0441660,2
nm0337167,nm0515635,2
nm0337167,nm0562210,5
nm0339888,nm0363615,2
nm0344655,nm0819825,2
nm0345144,nm0423084,2
nm0345144,nm0497757,2
nm0346168,nm0636280,2
nm0347218,nm0558363,2
nm0347218,nm0764450,2
nm0348018,nm0709777,2
nm0348155,nm0427977,2
nm0348965,nm0352195,2
nm0349427,nm0470772,3
nm0349427,nm0718829,3
nm0350479,nm0914113,2
nm0350673,nm0464417,2
nm0350673,nm0610904,3
nm0350884,nm0663238,2
nm0350884,nm0891830,3
nm0351576,nm0938623,2
nm0352032,nm0764871,2
nm0352157,nm0897715,2
nm0352278,nm0903964,2
nm0353448,nm0397982,2
nm0356448,nm0699596,2
nm0359894,nm0593306,2
nm0359894,nm0634159,2
nm0360815,nm0446225,2
nm0361570,nm0398703,3
nm0361757,nm0549457,2
nm0362970,nm0371824,2
nm0368015,nm0610565,2
nm0368017,nm0415416,2
nm0368745,nm0439371,2
nm0369136,nm0514904,4
nm0369136,nm0514906,3
nm0369136,nm0910979,2
nm0369270,nm0639153,2
nm0369513,nm0369567,2
nm0369567,nm0903677,2
nm0370634,nm0911007,2
nm0371824,nm0443367,3
nm0371824,nm0449652,2
nm0375959,nm0564805,2
nm0377580,nm0488917,2
nm0378427,nm0436000,2
nm0378427,nm0455797,2
nm0379678,nm0580853,3
nm0379678,nm0654843,3
nm0380628,nm0461129,3
nm0380628,nm0597517,3
nm0380628,nm0934059,2
nm0383482,nm0779423,4
nm0383867,nm0689866,2
nm0385860,nm0689260,2
nm0386391,nm0394690,2
nm0386391,nm0409287,2
nm0386391,nm0866753,2
nm0387141,nm0489858,3
nm0387322,nm0387329,2
nm0387322,nm0490489,2
nm0387322,nm0628714,2
nm0387322,nm0628770,2
nm0387322,nm0938893,3
nm0387329,nm0436329,2
nm0387360,nm0477071,2
nm0388367,nm0399074,2
nm0388640,nm0822868,2
nm0389109,nm0469103,2
nm0389109,nm0508085,3
nm0389109,nm0904093,2
nm0393222,nm0580725,2
nm0393389,nm0551298,2
nm0394690,nm0409287,2
nm0394690,nm0866753,2
nm0395121,nm0798827,3
nm0395121,nm0909145,3
nm0396212,nm0407336,2
nm0396355,nm0479745,2
nm0398703,nm0479753,2
nm0398703,nm0814162,4
nm0398745,nm0477231,3
nm0398745,nm0509600,2
nm0398745,nm0523711,2
nm0398801,nm0482708,2
nm0398801,nm0793008,2
nm0398801,nm0943138,3
nm0398969,nm0399007,2
nm0399007,nm0793384,2
nm0399012,nm0628806,2
nm0399070,nm0516327,2
nm0399070,nm0862479,3
nm0399070,nm0874868,2
nm0399074,nm0793008,2
nm0399074,nm0939209,4
nm0399685,nm0644430,2
nm0400484,nm0415016,2
nm0401201,nm0401204,5
nm0401201,nm0401207,2
nm0401204,nm0401207,3
nm0401204,nm0482580,2
nm0401204,nm0490497,2
nm0401204,nm0628756,2
nm0401207,nm0477108,2
nm0401207,nm0538353,5
nm0401207,nm0790925,2
nm0402730,nm0949237,2
nm0404091,nm0898317,3
nm0405545,nm0517978,10
nm0405695,nm0754889,2
nm0406091,nm0443502,2
nm0407454,nm0945290,2
nm0407959,nm0422392,2
nm0407959,nm0659609,2
nm0408054,nm0711631,2
nm0408600,nm0953881,2
nm0408636,nm0893872,2
nm0409079,nm0913370,2
nm0409287,nm0866753,2
nm0410010,nm0922301,2
nm0411150,nm0620018,2
nm0411150,nm0837420,2
nm0411757,nm0992732,3
nm0413470,nm0453571,2
nm0414979,nm0933310,2
nm0415777,nm0438071,2
nm0415777,nm0497097,2
nm0415777,nm0874676,2
nm0415777,nm0910979,2
nm0415777,nm0950751,2
nm0417687,nm0496118,2
nm0420090,nm0576495,2
nm0421709,nm0951828,2
nm0421716,nm0509263,2
nm0423084,nm0497757,2
nm0423663,nm0837420,3
nm0427937,nm0940148,2
nm0431328,nm0884606,2
nm0432040,nm0508293,3
nm0434318,nm0438463,3
nm0434318,nm0438501,2
nm0434318,nm0659233,2
nm0434330,nm0464710,2
nm0434958,nm0455797,2
nm0434958,nm0797659,2
nm0434958,nm0896801,2
nm0436000,nm0455797,2
nm0436444,nm0472029,2
nm0437141,nm0632664,2
nm0437141,nm0949069,2
nm0437580,nm0510903,3
nm0437580,nm0628806,2
nm0437580,nm0943149,2
nm0437630,nm0504899,2
nm0438071,nm0526714,2
nm0438071,nm0794827,2
nm0438071,nm0910979,2
nm0438071,nm0945189,2
nm0438463,nm0438501,2
nm0438463,nm0442479,2
nm0438463,nm0451166,2
nm0438463,nm0451600,11
nm0438463,nm0576495,2
nm0438463,nm0643350,2
nm0438463,nm0695170,3
nm0438463,nm0700869,4
nm0438463,nm0712546,3
nm0438463,nm0787462,2
nm0438501,nm0451396,2
nm0438501,nm0451600,2
nm0438501,nm0700869,2
nm0438503,nm0846681,2
nm0439170,nm0558726,2
nm0439409,nm0452764,2
nm0441375,nm0586733,2
nm0441660,nm0515635,2
nm0441660,nm0562210,3
nm0441660,nm0722963,2
nm0441955,nm0637508,6
nm0441955,nm0755974,5
nm0443089,nm0528536,2
nm0444334,nm0482642,2
nm0444334,nm0497097,3
nm0444334,nm0938893,2
nm0449431,nm0538217,2
nm0451148,nm0846681,2
nm0451148,nm0894340,2
nm0451211,nm0700869,2
nm0451307,nm0474774,3
nm0451321,nm0451600,2
nm0451321,nm0700869,3
nm0451396,nm0707425,2
nm0451425,nm0700875,2
nm0451600,nm0613417,2
nm0451600,nm0707425,2
nm0451600,nm0712546,2
nm0451604,nm0722089,2
nm0452742,nm0704708,2
nm0454560,nm0827291,2
nm0455797,nm0463570,2
nm0455797,nm0517978,2
nm0455797,nm0702555,3
nm0455797,nm0758741,2
nm0455797,nm0797659,3
nm0455797,nm0896801,4
nm0457900,nm0815250,2
nm0459074,nm0618389,2
nm0461129,nm0597517,3
nm0461129,nm0934059,2
nm0461918,nm0497097,2
nm0461918,nm0793008,2
nm0461918,nm0943138,3
nm0463581,nm0631741,2
nm0463805,nm0475610,2
nm0464180,nm0793505,2
nm0464945,nm0668640,2
nm0467601,nm0482963,3
nm0467601,nm0628806,2
nm0468540,nm0734263,3
nm0468586,nm0878957,2
nm0471771,nm0618768,2
nm0472166,nm0701633,2
nm0472941,nm0960828,2
nm0472941,nm0961039,2
nm0473162,nm0560727,3
nm0473314,nm0477071,2
nm0473314,nm0656647,3
nm0473314,nm0862479,4
nm0474774,nm0787462,2
nm0475344,nm0773845,4
nm0475610,nm0476828,2
nm0475610,nm0493724,2
nm0475610,nm0947895,2
nm0476828,nm0807018,2
nm0477071,nm0481694,2
nm0477108,nm0482614,2
nm0477209,nm0490489,4
nm0477209,nm0628806,4
nm0477231,nm0509600,3
nm0479772,nm0868139,2
nm0480587,nm0720277,4
nm0480869,nm0859772,2
nm0481709,nm0628806,2
nm0482567,nm0482708,2
nm0482572,nm0490618,2
nm0482572,nm0521808,2
nm0482572,nm0939189,2
nm0482580,nm0490497,4
nm0482580,nm0514922,2
nm0482580,nm0628756,2
nm0482580,nm0628827,2
nm0482580,nm0628877,3
nm0482580,nm0762632,2
nm0482580,nm0793008,2
nm0482580,nm0943138,4
nm0482580,nm0944578,2
nm0482580,nm0950707,3
nm0482614,nm0490489,2
nm0482642,nm0497097,3
nm0482642,nm0525308,2
nm0482656,nm0874676,2
nm0482708,nm0497097,3
nm0482708,nm0504973,3
nm0482708,nm0526714,2
nm0482708,nm0793008,5
nm0482708,nm0943138,4
nm0482714,nm0490489,2
nm0482714,nm0504973,2
nm0482714,nm0526695,2
nm0482714,nm0594226,4
nm0482714,nm0793008,4
nm0482714,nm0874676,2
nm0484376,nm0708790,2
nm0484376,nm0718829,2
nm0484376,nm0854177,2
nm0484596,nm0575761,2
nm0487025,nm0950881,2
nm0487025,nm0955664,2
nm0487254,nm0681566,2
nm0487616,nm0615511,2
nm0490489,nm0504897,3
nm0490489,nm0504899,2
nm0490489,nm0504973,7
nm0490489,nm0526695,2
nm0490489,nm0594226,4
nm0490489,nm0628806,8
nm0490489,nm0793008,5
nm0490489,nm0848355,6
nm0490489,nm0849916,2
nm0490489,nm0874676,3
nm0490489,nm0876603,2
nm0490489,nm0939209,2
nm0490489,nm0945189,2
nm0490492,nm0516316,3
nm0490492,nm0939429,2
nm0490497,nm0628756,2
nm0490497,nm0628827,2
nm0490497,nm0793008,2
nm0490497,nm0943138,2
nm0490513,nm0628757,2
nm0490513,nm0938893,3
nm0490513,nm0945189,2
nm0490608,nm0498429,2
nm0490614,nm0628806,2
nm0490614,nm0943138,2
nm0490618,nm0514998,2
nm0492342,nm0885707,2
nm0492649,nm0908525,2
nm0493738,nm0756940,2
nm0494432,nm0737553,2
nm0496118,nm0816296,2
nm0497097,nm0504973,2
nm0497097,nm0628806,2
nm0497097,nm0793008,4
nm0497097,nm0794827,3
nm0497097,nm0938893,3
nm0497097,nm0939275,3
nm0497097,nm0943138,2
nm0497097,nm0945189,5
nm0497097,nm0947153,2
nm0498429,nm0504897,3
nm0498429,nm0504899,3
nm0498429,nm0628806,2
nm0498429,nm0945189,3
nm0499995,nm0876603,2
nm0501288,nm0690610,2
nm0504126,nm0655330,3
nm0504126,nm0798827,3
nm0504897,nm0504899,4
nm0504897,nm0628806,2
nm0504897,nm0762632,3
nm0504897,nm0874676,3
nm0504897,nm0945189,2
nm0504899,nm0874684,2
nm0504899,nm0875275,2
nm0504973,nm0514998,2
nm0504973,nm0526714,2
nm0504973,nm0594226,3
nm0504973,nm0628757,4
nm0504973,nm0793008,3
nm0504973,nm0862479,2
nm0504973,nm0945189,4
nm0505323,nm0643350,2
nm0506374,nm0517885,2
nm0508293,nm0634159,3
nm0509600,nm0516327,2
nm0509600,nm0523711,3
nm0510436,nm0885474,2
nm0510903,nm0628806,2
nm0511277,nm0523821,2
nm0511277,nm0525557,2
nm0511277,nm0532536,2
nm0511277,nm0668640,4
nm0511277,nm0669813,2
nm0511277,nm0953168,3
nm0511409,nm0822236,2
nm0511703,nm0515635,3
nm0511703,nm0562210,3
nm0514904,nm0516316,2
nm0514904,nm0910979,2
nm0514922,nm0628827,2
nm0514998,nm0628757,2
nm0514998,nm0628806,2
nm0514998,nm0795806,2
nm0514998,nm0945189,2
nm0514998,nm0974484,2
nm0515030,nm0526712,2
nm0515635,nm0562210,8
nm0515635,nm0691891,2
nm0515635,nm0704362,2
nm0515635,nm0873205,4
nm0516310,nm0943138,2
nm0516316,nm0938975,2
nm0516319,nm0628827,2
nm0516319,nm0876603,2
nm0516327,nm0656647,2
nm0517978,nm0664218,4
nm0517978,nm0758741,7
nm0521544,nm0638308,2
nm0521808,nm0938990,2
nm0525240,nm0602630,2
nm0526183,nm0628689,2
nm0526695,nm0793008,3
nm0526695,nm0795806,2
nm0526714,nm0793008,4
nm0526714,nm0795806,2
nm0526714,nm0874684,2
nm0526714,nm0950707,2
nm0527002,nm0710341,2
nm0529543,nm0529645,2
nm0529645,nm0813691,2
nm0529890,nm0562210,4
nm0532701,nm0682893,2
nm0532701,nm0701568,2
nm0535332,nm0793726,3
nm0538353,nm0790925,3
nm0540885,nm0553650,2
nm0541281,nm0785177,2
nm0541290,nm0859772,2
nm0542063,nm0599604,2
nm0542063,nm0694843,3
nm0542994,nm0649210,2
nm0543547,nm0728476,2
nm0545383,nm0634159,2
nm0545383,nm0785664,3
nm0546735,nm0625981,2
nm0546735,nm0853182,2
nm0547339,nm0634159,5
nm0547339,nm0734000,2
nm0552086,nm0717212,4
nm0552397,nm0771365,2
nm0556305,nm0711153,2
nm0556343,nm0592491,2
nm0559752,nm0562056,2
nm0560026,nm0697961,4
nm0562210,nm0649513,2
nm0562210,nm0714359,5
nm0562210,nm0873205,4
nm0562210,nm0894677,4
nm0562841,nm0764450,2
nm0578633,nm0956956,2
nm0580853,nm0654843,4
nm0581103,nm0711501,2
nm0582074,nm0873385,3
nm0582074,nm0897715,2
nm0582126,nm0862400,2
nm0582773,nm0920460,2
nm0583838,nm0687847,2
nm0583838,nm0899911,2
nm0584489,nm0798827,2
nm0584489,nm0824348,2
nm0593192,nm0752591,2
nm0593192,nm0821734,2
nm0593306,nm0734000,2
nm0593306,nm0785664,2
nm0594226,nm0628827,2
nm0594226,nm0848355,2
nm0594226,nm0874676,5
nm0594226,nm0945189,3
nm0595115,nm0697514,4
nm0595115,nm0763825,2
nm0596703,nm0838689,2
nm0597517,nm0934059,2
nm0597816,nm0868139,2
nm0598720,nm0599604,2
nm0598720,nm0608311,2
nm0598720,nm0865575,2
nm0599604,nm0694843,3
nm0599604,nm0893872,2
nm0599640,nm0708790,2
nm0599640,nm0720277,2
nm0600120,nm0768574,2
nm0601238,nm0671855,2
nm0603173,nm0693140,2
nm0604335,nm0650024,2
nm0608214,nm0788788,2
nm0608311,nm0865575,3
nm0609403,nm0847562,2
nm0610206,nm0956402,2
nm0612078,nm0834754,2
nm0612219,nm0897715,2
nm0614526,nm0794890,3
nm0617427,nm0896801,2
nm0617775,nm0656801,2
nm0618291,nm0900915,3
nm0618768,nm0765193,2
nm0618768,nm0816296,2
nm0618768,nm0900007,2
nm0619185,nm0620737,3
nm0619185,nm0762965,2
nm0619938,nm0628704,2
nm0620737,nm0762965,2
nm0621008,nm0744235,2
nm0621937,nm0841552,3
nm0622931,nm0654843,6
nm0625981,nm0853182,2
nm0628714,nm0938893,3
nm0628726,nm0875275,2
nm0628756,nm0628827,2
nm0628756,nm0793008,2
nm0628770,nm0938893,3
nm0628806,nm0797679,3
nm0628806,nm0938893,2
nm0628806,nm0939431,2
nm0628806,nm0945189,2
nm0628806,nm0950707,2
nm0628827,nm0762632,5
nm0628827,nm0874676,4
nm0628827,nm0943138,3
nm0631102,nm0637434,2
nm0631741,nm0671231,2
nm0631877,nm0784884,2
nm0631877,nm0831262,3
nm0631877,nm0904303,2
nm0631877,nm0957372,2
nm0632664,nm0949069,2
nm0634159,nm0719914,2
nm0634159,nm0734000,3
nm0636280,nm0826243,2
nm0636893,nm0908539,2
nm0636893,nm0945632,3
nm0637032,nm0638308,2
nm0637508,nm0755974,5
nm0638308,nm0678059,2
nm0643350,nm0792911,2
nm0646037,nm0836136,2
nm0646943,nm0912001,2
nm0648409,nm0766491,2
nm0652592,nm0991937,2
nm0652592,nm0994324,3
nm0653622,nm0690610,2
nm0654843,nm0657004,8
nm0654843,nm0713999,5
nm0656647,nm0862479,2
nm0656647,nm0939429,2
nm0657004,nm0661118,2
nm0657004,nm0713999,3
nm0657004,nm0721386,2
nm0657004,nm0768574,2
nm0661118,nm0721386,2
nm0661929,nm0793790,2
nm0663237,nm0783839,2
nm0664218,nm0758741,5
nm0666795,nm0666947,4
nm0668037,nm0701568,2
nm0668331,nm0748430,2
nm0669549,nm0689990,2
nm0669813,nm0762790,2
nm0671231,nm0904901,4
nm0671231,nm0932870,2
nm0672269,nm0707466,2
nm0681566,nm0693799,2
nm0682726,nm0720029,2
nm0682726,nm0843575,2
nm0682893,nm0701568,2
nm0683119,nm0911285,3
nm0688497,nm0785664,2
nm0694843,nm0897715,2
nm0697514,nm0970211,2
nm0697961,nm0810342,3
nm0700206,nm0720277,2
nm0700869,nm0700875,2
nm0700869,nm0787462,2
nm0700875,nm0787462,6
nm0701633,nm0720879,2
nm0702555,nm0896801,2
nm0702666,nm0874676,2
nm0704247,nm0815537,2
nm0708790,nm0720277,4
nm0708790,nm0764450,2
nm0709777,nm0926970,2
nm0709947,nm0930806,2
nm0713999,nm0885474,2
nm0714287,nm0890495,2
nm0714287,nm0899517,3
nm0714805,nm0897715,6
nm0718829,nm0720277,2
nm0720029,nm0843575,2
nm0720277,nm0721073,2
nm0720277,nm0760640,2
nm0720277,nm0764450,2
nm0720277,nm0892358,2
nm0721044,nm0896189,2
nm0722619,nm0809321,2
nm0724156,nm0822765,2
nm0724156,nm0824071,2
nm0733508,nm0899911,2
nm0736035,nm0891830,2
nm0739931,nm0759877,5
nm0757396,nm0876304,2
nm0757824,nm0951145,4
nm0758066,nm0897715,2
nm0759606,nm0863915,2
nm0759685,nm0957372,2
nm0759797,nm0761420,2
nm0760640,nm0764450,2
nm0762632,nm0874676,2
nm0768641,nm0953025,2
nm0784884,nm0816296,2
nm0784884,nm0896557,2
nm0785664,nm0865575,3
nm0787462,nm0787582,2
nm0790925,nm0874676,2
nm0793008,nm0867242,2
nm0793008,nm0938893,3
nm0793008,nm0939065,3
nm0793008,nm0943138,5
nm0793731,nm0992732,2
nm0797659,nm0896801,3
nm0798827,nm0922301,3
nm0804157,nm0880748,2
nm0804605,nm0959717,4
nm0805189,nm0871590,2
nm0805189,nm0939378,3
nm0807571,nm0935498,5
nm0809681,nm0887695,2
nm0812458,nm0845867,2
nm0813691,nm0815008,2
nm0814773,nm0893872,2
nm0816296,nm0816297,2
nm0821734,nm0835144,2
nm0822765,nm0824071,2
nm0831262,nm0904303,2
nm0836965,nm0930806,2
nm0839003,nm0915452,3
nm0840994,nm0904901,2
nm0845866,nm0845867,2
nm0846630,nm0875354,2
nm0847812,nm0952442,2
nm0848355,nm0874676,6
nm0849257,nm0945189,3
nm0858128,nm0893449,2
nm0863146,nm0946160,2
nm0864769,nm0945189,3
nm0865521,nm0882972,3
nm0869053,nm0892358,2
nm0871590,nm0939378,2
nm0871827,nm0954927,2
nm0875275,nm0939431,2
nm0876513,nm0951828,2
nm0882972,nm0890874,2
nm0890495,nm0899517,2
nm0904173,nm0956881,2
nm0908539,nm0945632,2
nm0909145,nm0922301,2
nm0910729,nm0945189,5
nm0913910,nm0994324,3
nm0938893,nm0945189,2
nm0938893,nm0950552,3
nm0939079,nm0939172,2
nm0939079,nm0939181,2
nm0939079,nm0948146,2
nm0939172,nm0939181,2
nm0939172,nm0948146,2
nm0939181,nm0948146,2
nm0939251,nm0945189,3
nm0943138,nm0950757,2
nm0945290,nm0960033,2
nm0950604,nm0950751,3
nm0950604,nm0950761,2
nm0950707,nm0950757,5
nm0950751,nm0950761,2
nm0960828,nm0961039,2
nm0991937,nm0992736,3
nm0992736,nm0994324,2
