Source,Target,Label,Weight
nm0423663,nm0837420,tt0064730,3
nm0007554,nm0061792,tt0066151,6
nm0096846,nm0901663,tt0067625,3
nm0003927,nm0350581,tt0071261,3
nm0146033,nm0173549,tt0075035,3
nm0631877,nm0831262,tt0076276,3
nm0468169,nm0631877,tt0076276,3
nm0797672,nm0831262,tt0076276,3
nm0468169,nm0831262,tt0076276,5
nm0156955,nm0157971,tt0076321,3
nm0399007,nm0628838,tt0076709,3
nm0477035,nm0628838,tt0076709,5
nm0005033,nm0477035,tt0076709,5
nm0156542,nm0862479,tt0077329,3
nm0398771,nm0862479,tt0077329,3
nm0149222,nm0862479,tt0077329,3
nm0156542,nm0398771,tt0077329,3
nm0504973,nm0594226,tt0077432,3
nm0297143,nm0514906,tt0077671,3
nm0162502,nm0798189,tt0077722,4
nm0000334,nm0497097,tt0077772,4
nm0000334,nm0157971,tt0077772,4
nm0001238,nm0558975,tt0078053,4
nm0151653,nm0516327,tt0078428,3
nm0393250,nm0516327,tt0078428,3
nm0156982,nm0509600,tt0078428,3
nm0156982,nm0523711,tt0078428,3
nm0151653,nm0156982,tt0078428,9
nm0156982,nm0393250,tt0078428,7
nm0509600,nm0523711,tt0078428,3
nm0151653,nm0509600,tt0078428,6
nm0393250,nm0509600,tt0078428,6
nm0151653,nm0523711,tt0078428,5
nm0393250,nm0523711,tt0078428,4
nm0151653,nm0393250,tt0078428,15
nm0081466,nm0816391,tt0078519,3
nm0151155,nm0393250,tt0078726,4
nm0000086,nm0320833,tt0078813,3
nm0027984,nm0843640,tt0078868,3
nm0617307,nm0753858,tt0078892,3
nm0275269,nm0599604,tt0078926,3
nm0420651,nm0599604,tt0078926,4
nm0275269,nm0420651,tt0078926,5
nm0131849,nm0345549,tt0078932,4
nm0166405,nm0219959,tt0078935,3
nm0001031,nm0167388,tt0078962,5
nm0273178,nm0328020,tt0078973,6
nm0010508,nm0749597,tt0078973,3
nm0013706,nm0580853,tt0078994,3
nm0380543,nm0580853,tt0078994,3
nm0013706,nm0380543,tt0078994,3
nm0305869,nm0349426,tt0079015,3
nm0043934,nm0692475,tt0079017,4
nm0043934,nm0699962,tt0079017,3
nm0037274,nm0692475,tt0079017,3
nm0692475,nm0699962,tt0079017,3
nm0693140,nm0815784,tt0079085,5
nm0346640,nm0648505,tt0079093,5
nm0158457,nm0611652,tt0079115,3
nm0140296,nm0611652,tt0079115,3
nm0140296,nm0158457,tt0079115,3
nm0137728,nm0645327,tt0079181,3
nm0103932,nm0752922,tt0079193,3
nm0226244,nm0704496,tt0079197,3
nm0654839,nm0953400,tt0079233,3
nm0000901,nm0491626,tt0079252,4
nm0000901,nm0002192,tt0079252,4
nm0002192,nm0491626,tt0079252,3
nm0002192,nm0379150,tt0079252,4
nm0000265,nm0233209,tt0079256,3
nm0408600,nm0554924,tt0079295,4
nm0051880,nm0899911,tt0079342,4
nm0051880,nm0850212,tt0079342,4
nm0051880,nm0548151,tt0079342,3
nm0051880,nm0553916,tt0079342,5
nm0051880,nm0587531,tt0079342,5
nm0850212,nm0899911,tt0079342,4
nm0553916,nm0899911,tt0079342,5
nm0587531,nm0899911,tt0079342,7
nm0548151,nm0850212,tt0079342,3
nm0553916,nm0850212,tt0079342,4
nm0587531,nm0850212,tt0079342,5
nm0548151,nm0553916,tt0079342,3
nm0553916,nm0587531,tt0079342,6
nm0538652,nm0701633,tt0079424,3
nm0246370,nm0538652,tt0079424,3
nm0472166,nm0538652,tt0079424,3
nm0246370,nm0472166,tt0079424,3
nm0033005,nm0551394,tt0079586,3
nm0007023,nm0600120,tt0079617,3
nm0010383,nm0586482,tt0079619,4
nm0035529,nm0328020,tt0079625,3
nm0001090,nm0247642,tt0079642,6
nm0001090,nm0788325,tt0079642,4
nm0554920,nm0554924,tt0079650,8
nm0040910,nm0945282,tt0079686,25
nm0038335,nm0040910,tt0079686,25
nm0038335,nm0945282,tt0079686,27
nm0147983,nm0599604,tt0079765,3
nm0147983,nm0646179,tt0079765,4
nm0599604,nm0646179,tt0079765,3
nm0420651,nm0598720,tt0079765,3
nm0275269,nm0646179,tt0079765,3
nm0350884,nm0891830,tt0079799,3
nm0073053,nm0893872,tt0079839,10
nm0207401,nm0893872,tt0079839,10
nm0073053,nm0207401,tt0079839,42
nm0000419,nm0594746,tt0079854,4
nm0297143,nm0862479,tt0079896,3
nm0151653,nm0297143,tt0079896,4
nm0297143,nm0393250,tt0079896,7
nm0151653,nm0862479,tt0079896,3
nm0393250,nm0862479,tt0079896,6
nm0151653,nm0155631,tt0079896,5
nm0155631,nm0393250,tt0079896,3
nm0149222,nm0151653,tt0079896,5
nm0149222,nm0393250,tt0079896,7
nm0151155,nm0438071,tt0079897,5
nm0398745,nm0477231,tt0079899,3
nm0151653,nm0398745,tt0079899,5
nm0393250,nm0398745,tt0079899,5
nm0151653,nm0477231,tt0079899,8
nm0149222,nm0477231,tt0079899,4
nm0393250,nm0477231,tt0079899,8
nm0408488,nm0769249,tt0080001,5
nm0156982,nm0477231,tt0080002,7
nm0027984,nm0344662,tt0080071,6
nm0541298,nm0616556,tt0080072,3
nm0439102,nm0753875,tt0080082,5
nm0000915,nm0940919,tt0080310,3
nm0007023,nm0328020,tt0080312,5
nm0044156,nm0328020,tt0080312,5
nm0007023,nm0273178,tt0080312,3
nm0007023,nm0044156,tt0080312,4
nm0044156,nm0273178,tt0080312,7
nm0044156,nm0557980,tt0080312,3
nm0440378,nm0557927,tt0080316,3
nm0700875,nm0787462,tt0080322,6
nm0713604,nm0785177,tt0080323,3
nm0000558,nm0000720,tt0080339,4
nm0000558,nm0001878,tt0080339,4
nm0000558,nm0958387,tt0080339,4
nm0000720,nm0001878,tt0080339,6
nm0000720,nm0958387,tt0080339,6
nm0001878,nm0958387,tt0080339,6
nm0787453,nm0787462,tt0080343,3
nm0289576,nm0559769,tt0080362,17
nm0000821,nm0451166,tt0080376,4
nm0000142,nm0887174,tt0080377,3
nm0144689,nm0595063,tt0080393,17
nm0160865,nm0867268,tt0080414,7
nm0004462,nm0105475,tt0080415,3
nm0105475,nm0320929,tt0080415,3
nm0159201,nm0473322,tt0080420,3
nm0159201,nm0270495,tt0080420,3
nm0159201,nm0473314,tt0080420,3
nm0859766,nm0957193,tt0080430,3
nm0576559,nm0787462,tt0080435,3
nm0144689,nm0147983,tt0080439,6
nm0147983,nm0595063,tt0080439,6
nm0075981,nm0788325,tt0080452,3
nm0001090,nm0075981,tt0080452,3
nm0000101,nm0001006,tt0080455,3
nm0000101,nm0000484,tt0080455,5
nm0644655,nm0749914,tt0080466,3
nm0094726,nm0749914,tt0080466,3
nm0720029,nm0899945,tt0080480,3
nm0000314,nm0496746,tt0080485,7
nm0001238,nm0562210,tt0080486,36
nm0261525,nm0562210,tt0080486,3
nm0001238,nm0127656,tt0080486,3
nm0000195,nm0000601,tt0080487,5
nm0000601,nm0236519,tt0080487,3
nm0523439,nm0691892,tt0080488,4
nm0785664,nm0865575,tt0080489,3
nm0688497,nm0785664,tt0080489,4
nm0200473,nm0688497,tt0080489,3
nm0049621,nm0521617,tt0080490,3
nm0219959,nm0280984,tt0080503,3
nm0166405,nm0280984,tt0080503,11
nm0290628,nm0684175,tt0080504,4
nm0159201,nm0862479,tt0080512,6
nm0365390,nm0918339,tt0080519,8
nm0001045,nm0001507,tt0080520,7
nm0399070,nm0838936,tt0080529,3
nm0393250,nm0399070,tt0080529,3
nm0155291,nm0838936,tt0080529,3
nm0155291,nm0393250,tt0080529,6
nm0393250,nm0838936,tt0080529,4
nm0526971,nm0817881,tt0080530,3
nm0284503,nm0817881,tt0080530,3
nm0165316,nm0843237,tt0080538,5
nm0476123,nm0494378,tt0080552,3
nm0407061,nm0544432,tt0080554,5
nm0324770,nm0544432,tt0080554,5
nm0324770,nm0407061,tt0080554,7
nm0102940,nm0953130,tt0080561,3
nm0653620,nm0860019,tt0080565,5
nm0284613,nm0477071,tt0080583,3
nm0477071,nm0659017,tt0080583,3
nm0477071,nm0648505,tt0080583,3
nm0648505,nm0659017,tt0080583,3
nm0097180,nm0787668,tt0080591,8
nm0093585,nm0587401,tt0080606,4
nm0179278,nm0587401,tt0080606,9
nm0024589,nm0587401,tt0080606,9
nm0093585,nm0179278,tt0080606,4
nm0024589,nm0093585,tt0080606,4
nm0024589,nm0179278,tt0080606,14
nm0000076,nm0771535,tt0080610,4
nm0350168,nm0583681,tt0080611,3
nm0044156,nm0755364,tt0080635,3
nm0160865,nm0939251,tt0080636,3
nm0007139,nm0844036,tt0080636,5
nm0000821,nm0004434,tt0080638,5
nm0000821,nm0080432,tt0080638,3
nm0000821,nm0434318,tt0080638,15
nm0080432,nm0434318,tt0080638,6
nm0092482,nm0129970,tt0080652,5
nm0092482,nm0548654,tt0080652,5
nm0129970,nm0548654,tt0080652,6
nm0000821,nm0802374,tt0080653,3
nm0000821,nm0015287,tt0080653,4
nm0000821,nm0451311,tt0080653,5
nm0015287,nm0451311,tt0080653,4
nm0004570,nm0534501,tt0080675,3
nm0490492,nm0497379,tt0080682,3
nm0000148,nm0001410,tt0080684,3
nm0000148,nm0000184,tt0080684,5
nm0000184,nm0001410,tt0080684,3
nm0002000,nm0155593,tt0080685,3
nm0155593,nm0939236,tt0080685,5
nm0490521,nm0864775,tt0080688,4
nm0261681,nm0654843,tt0080695,11
nm0261681,nm0654839,tt0080695,16
nm0654839,nm0654843,tt0080695,34
nm0637238,nm0702541,tt0080705,3
nm0068871,nm0504126,tt0080706,5
nm0369136,nm0514906,tt0080717,7
nm0714805,nm0897715,tt0080719,6
nm0661345,nm0897715,tt0080719,13
nm0073053,nm0897715,tt0080719,15
nm0207401,nm0897715,tt0080719,15
nm0661345,nm0714805,tt0080719,6
nm0073053,nm0714805,tt0080719,6
nm0207401,nm0714805,tt0080719,6
nm0073053,nm0661345,tt0080719,11
nm0207401,nm0661345,tt0080719,11
nm0227661,nm0416615,tt0080720,4
nm0230629,nm0832928,tt0080730,3
nm0477231,nm0509600,tt0080743,3
nm0276410,nm0501365,tt0080746,3
nm0950751,nm0950759,tt0080748,4
nm0000118,nm0384185,tt0080749,6
nm0192446,nm0566699,tt0080761,7
nm0192446,nm0413826,tt0080761,3
nm0413826,nm0566699,tt0080761,4
nm0002194,nm0042812,tt0080764,8
nm0002002,nm0297935,tt0080768,3
nm0004434,nm0004570,tt0080775,3
nm0473325,nm0516316,tt0080803,3
nm0554924,nm0953881,tt0080807,10
nm0155593,nm0160925,tt0080824,3
nm0273193,nm0616392,tt0080826,6
nm0013706,nm0273193,tt0080826,4
nm0145626,nm0273193,tt0080826,4
nm0273193,nm0613939,tt0080826,4
nm0013706,nm0616392,tt0080826,4
nm0145626,nm0616392,tt0080826,4
nm0613939,nm0616392,tt0080826,4
nm0013706,nm0145626,tt0080826,6
nm0013706,nm0613939,tt0080826,6
nm0145626,nm0613939,tt0080826,6
nm0005033,nm0161213,tt0080827,3
nm0005033,nm0482580,tt0080828,8
nm0005033,nm0388367,tt0080828,6
nm0005033,nm0490605,tt0080828,4
nm0005033,nm0938944,tt0080828,17
nm0482580,nm0490605,tt0080828,5
nm0482580,nm0938944,tt0080828,7
nm0388367,nm0938944,tt0080828,4
nm0490605,nm0938944,tt0080828,5
nm0152539,nm0641714,tt0080836,3
nm0313483,nm0382925,tt0080842,3
nm0945282,nm0949069,tt0080843,8
nm0038335,nm0949069,tt0080843,6
nm0545169,nm0731862,tt0080846,3
nm0258168,nm0621987,tt0080848,3
nm0258168,nm0576529,tt0080848,5
nm0006249,nm0154164,tt0080856,5
nm0126960,nm0317856,tt0080873,3
nm0126960,nm0143043,tt0080873,3
nm0307468,nm0317856,tt0080873,3
nm0143043,nm0307468,tt0080873,3
nm0143043,nm0317856,tt0080873,5
nm0005268,nm0937074,tt0080888,3
nm0648505,nm0656647,tt0080898,3
nm0002218,nm0545383,tt0080899,3
nm0002218,nm0126898,tt0080899,5
nm0052677,nm0149822,tt0080901,3
nm0052677,nm0795664,tt0080901,3
nm0234893,nm0860078,tt0080915,3
nm0001469,nm0193224,tt0080928,4
nm0412465,nm0695609,tt0080945,11
nm0002010,nm0504641,tt0080950,3
nm0000367,nm0001945,tt0080951,4
nm0000367,nm0342611,tt0080951,3
nm0066223,nm0150796,tt0080964,10
nm0066223,nm0396284,tt0080964,4
nm0150796,nm0396284,tt0080964,3
nm0001486,nm0696319,tt0080975,4
nm0473314,nm0838936,tt0080996,3
nm0284642,nm0896598,tt0080998,3
nm0002157,nm0081547,tt0081007,6
nm0383025,nm0406728,tt0081013,7
nm0150844,nm0943138,tt0081015,3
nm0562210,nm0894677,tt0081027,4
nm0001238,nm0894677,tt0081027,6
nm0320946,nm0899911,tt0081047,4
nm0135339,nm0899911,tt0081047,3
nm0654843,nm0657004,tt0081056,8
nm0654839,nm0657004,tt0081056,12
nm0562210,nm0714359,tt0081057,5
nm0001238,nm0714359,tt0081057,6
nm0000367,nm0681207,tt0081076,4
nm0000367,nm0486624,tt0081076,3
nm0002086,nm0548151,tt0081081,4
nm0002192,nm0785664,tt0081089,6
nm0557170,nm0889403,tt0081089,3
nm0226699,nm0548648,tt0081104,3
nm0803711,nm0883908,tt0081117,5
nm0273178,nm0349426,tt0081124,3
nm0349426,nm0576329,tt0081124,5
nm0022116,nm0487878,tt0081135,3
nm0000766,nm0548316,tt0081148,3
nm0000774,nm0346096,tt0081165,3
nm0473314,nm0862479,tt0081168,4
nm0473325,nm0862479,tt0081168,3
nm0159201,nm0473325,tt0081168,5
nm0553916,nm0553941,tt0081170,3
nm0051880,nm0553941,tt0081170,6
nm0344171,nm0720297,tt0081176,3
nm0000032,nm0381699,tt0081187,3
nm0346470,nm0716739,tt0081200,6
nm0125060,nm0795461,tt0081203,5
nm0150527,nm0676198,tt0081215,3
nm0150527,nm0676199,tt0081215,3
nm0676198,nm0676199,tt0081215,6
nm0398786,nm0497579,tt0081216,4
nm0002089,nm0622355,tt0081230,3
nm0549592,nm0599604,tt0081261,3
nm0599604,nm0869125,tt0081261,3
nm0549592,nm0869125,tt0081261,12
nm0341925,nm0487025,tt0081267,4
nm0008244,nm0591046,tt0081271,6
nm0003606,nm0634159,tt0081276,3
nm0040910,nm0793726,tt0081288,9
nm0793726,nm0945282,tt0081288,9
nm0038335,nm0793726,tt0081288,9
nm0535332,nm0793726,tt0081288,3
nm0040910,nm0535332,tt0081288,8
nm0535332,nm0945282,tt0081288,8
nm0038335,nm0535332,tt0081288,8
nm0349427,nm0718829,tt0081289,3
nm0246822,nm0524230,tt0081310,3
nm0002086,nm0332417,tt0081318,6
nm0002086,nm0522454,tt0081318,3
nm0332417,nm0522454,tt0081318,3
nm0716739,nm0892358,tt0081329,3
nm0484376,nm0714002,tt0081348,3
nm0119725,nm0449431,tt0081349,4
nm0361570,nm0398703,tt0081363,3
nm0361570,nm0579954,tt0081363,3
nm0398703,nm0579954,tt0081363,4
nm0398518,nm0579954,tt0081363,3
nm0139461,nm0643539,tt0081366,4
nm0583600,nm0796124,tt0081375,9
nm0337008,nm0528420,tt0081383,3
nm0069118,nm0097424,tt0081394,3
nm0069118,nm0700206,tt0081394,3
nm0000134,nm0000582,tt0081398,3
nm0000134,nm0000217,tt0081398,5
nm0000217,nm0000582,tt0081398,3
nm0003117,nm0923646,tt0081421,5
nm0582074,nm0873385,tt0081427,3
nm0667657,nm0873385,tt0081427,5
nm0582074,nm0667657,tt0081427,3
nm0491290,nm0899911,tt0081429,3
nm0062539,nm0304227,tt0081469,3
nm0000821,nm0802693,tt0081491,3
nm0451311,nm0802693,tt0081491,3
nm0369136,nm0514904,tt0081494,4
nm0514904,nm0514906,tt0081494,5
nm0393250,nm0514904,tt0081494,3
nm0369136,nm0393250,tt0081494,3
nm0393250,nm0514906,tt0081494,4
nm0000329,nm0950707,tt0081499,4
nm0438071,nm0910979,tt0081502,3
nm0160925,nm0438071,tt0081502,3
nm0632803,nm0847109,tt0081508,3
nm0853456,nm0868139,tt0081513,4
nm0001238,nm0337167,tt0081519,6
nm0001238,nm0211381,tt0081519,3
nm0256387,nm0415617,tt0081522,4
nm0000608,nm0001123,tt0081529,5
nm0000608,nm0624102,tt0081529,4
nm0000608,nm0946717,tt0081529,3
nm0001123,nm0624102,tt0081529,3
nm0001123,nm0946717,tt0081529,3
nm0624102,nm0946717,tt0081529,3
nm0000809,nm0436687,tt0081541,3
nm0264686,nm0956022,tt0081541,5
nm0436687,nm0956022,tt0081541,12
nm0264686,nm0436687,tt0081541,5
nm0000682,nm0812121,tt0081547,3
nm0000698,nm0001640,tt0081562,3
nm0001659,nm0796950,tt0081573,3
nm0001659,nm0795975,tt0081573,3
nm0795975,nm0796950,tt0081573,3
nm0804605,nm0959717,tt0081590,4
nm0429647,nm0959717,tt0081590,4
nm0429647,nm0804605,tt0081590,4
nm0408488,nm0865575,tt0081591,4
nm0408488,nm0728271,tt0081591,3
nm0828540,nm0855872,tt0081593,3
nm0504126,nm0655330,tt0081596,3
nm0504126,nm0818881,tt0081596,3
nm0068871,nm0655330,tt0081596,3
nm0655330,nm0818881,tt0081596,3
nm0068871,nm0818881,tt0081596,4
nm0407990,nm0814281,tt0081607,6
nm0022331,nm0622643,tt0081609,4
nm0000052,nm0778633,tt0081616,5
nm0769249,nm0778633,tt0081616,5
nm0109519,nm0781586,tt0081620,4
nm0596130,nm0795430,tt0081624,3
nm0000092,nm0000416,tt0081633,3
nm0000092,nm0001589,tt0081633,5
nm0000416,nm0001589,tt0081633,3
nm0009368,nm0810602,tt0081655,3
nm0006664,nm0009368,tt0081655,3
nm0006664,nm0810602,tt0081655,5
nm0001128,nm0541389,tt0081658,3
nm0001128,nm0290877,tt0081658,3
nm0840671,nm0849099,tt0081662,3
nm0107664,nm0581103,tt0081663,7
nm0581103,nm0716701,tt0081663,4
nm0107664,nm0716701,tt0081663,5
nm0445630,nm0445631,tt0081664,4
nm0517978,nm0664218,tt0081665,16
nm0664218,nm0758741,tt0081665,9
nm0455797,nm0664218,tt0081665,3
nm0517978,nm0758741,tt0081665,8
nm0005033,nm0849282,tt0081669,4
nm0105475,nm0187337,tt0081684,3
nm0851724,nm0851725,tt0081686,6
nm0665305,nm0850695,tt0081695,3
nm0000709,nm0301826,tt0081698,6
nm0442454,nm0442455,tt0081701,5
nm0053870,nm0682726,tt0081743,3
nm0053870,nm0622020,tt0081743,3
nm0048060,nm0518591,tt0081767,3
nm0005033,nm0538353,tt0081780,3
nm0538353,nm0790925,tt0081780,6
nm0151155,nm0862479,tt0081789,3
nm0261681,nm0657004,tt0081790,7
nm0150894,nm0938944,tt0081804,6
nm0051880,nm0694843,tt0081807,4
nm0144689,nm0694843,tt0081807,6
nm0595063,nm0694843,tt0081807,6
nm0051880,nm0144689,tt0081807,4
nm0051880,nm0595063,tt0081807,4
nm0127403,nm0714002,tt0081812,3
nm0480587,nm0720277,tt0081820,4
nm0480587,nm0874096,tt0081820,3
nm0720277,nm0874096,tt0081820,3
nm0617767,nm0637434,tt0081821,7
nm0057398,nm0611848,tt0081964,4
nm0155587,nm0515030,tt0081970,5
nm0155587,nm0492368,tt0081970,6
nm0492368,nm0628838,tt0081970,3
nm0145914,nm0665057,tt0081972,4
nm0001628,nm0713128,tt0081974,5
nm0395121,nm0798827,tt0081979,3
nm0249892,nm0395121,tt0081979,3
nm0249892,nm0798827,tt0081979,4
nm0150958,nm0848376,tt0081992,3
nm0074151,nm0690610,tt0081999,3
nm0501471,nm0690610,tt0081999,4
nm0000432,nm0000598,tt0082001,3
nm0000465,nm0003501,tt0082004,3
nm0002010,nm0483776,tt0082041,4
nm0292500,nm0841247,tt0082044,5
nm0024589,nm0817881,tt0082045,4
nm0179278,nm0817881,tt0082045,4
nm0176161,nm0472941,tt0082076,3
nm0472941,nm0511608,tt0082076,3
nm0176161,nm0511608,tt0082076,3
nm0159201,nm0232504,tt0082079,5
nm0402434,nm0669192,tt0082084,3
nm0300565,nm0767022,tt0082088,3
nm0000458,nm0001410,tt0082089,4
nm0110653,nm0759252,tt0082093,6
nm0684509,nm0860019,tt0082100,4
nm0000493,nm0000527,tt0082111,6
nm0117868,nm0503053,tt0082115,4
nm0260330,nm0328020,tt0082119,4
nm0093585,nm0134073,tt0082120,5
nm0055634,nm0162343,tt0082122,4
nm0036313,nm0227661,tt0082126,7
nm0001090,nm0097391,tt0082133,3
nm0129201,nm0581103,tt0082139,3
nm0107664,nm0129201,tt0082139,3
nm0129201,nm0716701,tt0082139,6
nm0271974,nm0713999,tt0082142,3
nm0251760,nm0314636,tt0082144,5
nm0195293,nm0335924,tt0082148,3
nm0188021,nm0335924,tt0082148,4
nm0244864,nm0784019,tt0082154,4
nm0399070,nm0939147,tt0082155,4
nm0874868,nm0939147,tt0082155,3
nm0151068,nm0156506,tt0082161,3
nm0000367,nm0006734,tt0082173,3
nm0150862,nm0151068,tt0082178,6
nm0657004,nm0713999,tt0082180,3
nm0261681,nm0713999,tt0082180,4
nm0654839,nm0713999,tt0082180,6
nm0000367,nm0007069,tt0082183,3
nm0007069,nm0891554,tt0082183,3
nm0000367,nm0891554,tt0082183,4
nm0000216,nm0397574,tt0082198,3
nm0051880,nm0895059,tt0082203,3
nm0553941,nm0895059,tt0082203,3
nm0547339,nm0634159,tt0082206,5
nm0634159,nm0851724,tt0082206,3
nm0305054,nm0484376,tt0082210,3
nm0484376,nm0883553,tt0082210,4
nm0305054,nm0883553,tt0082210,7
nm0684596,nm0714287,tt0082241,3
nm0639321,nm0795953,tt0082242,6
nm0614526,nm0794890,tt0082243,3
nm0334457,nm0896131,tt0082247,5
nm0000314,nm0307257,tt0082250,4
nm0409757,nm0760650,tt0082261,3
nm0685034,nm0784773,tt0082264,3
nm0336075,nm0784773,tt0082264,3
nm0106394,nm0685034,tt0082264,3
nm0336075,nm0685034,tt0082264,3
nm0497097,nm0794827,tt0082267,3
nm0218843,nm0889513,tt0082275,3
nm0150985,nm0159201,tt0082299,3
nm0332417,nm0911285,tt0082307,3
nm0408076,nm0644523,tt0082313,3
nm0329715,nm0438854,tt0082318,3
nm0265853,nm0693625,tt0082320,4
nm0000118,nm0000621,tt0082340,4
nm0000118,nm0000587,tt0082340,5
nm0001569,nm0116145,tt0082350,6
nm0728271,nm0953301,tt0082364,4
nm0939236,nm0939351,tt0082368,4
nm0135339,nm0581103,tt0082376,4
nm0000549,nm0322515,tt0082398,3
nm0000549,nm0537363,tt0082398,3
nm0000549,nm0933865,tt0082398,3
nm0000549,nm0001220,tt0082398,3
nm0322515,nm0537363,tt0082398,5
nm0322515,nm0933865,tt0082398,5
nm0001220,nm0322515,tt0082398,5
nm0537363,nm0933865,tt0082398,5
nm0001220,nm0537363,tt0082398,5
nm0001220,nm0933865,tt0082398,5
nm0167195,nm0636280,tt0082399,4
nm0051880,nm0897715,tt0082407,4
nm0542124,nm0897715,tt0082407,4
nm0051880,nm0661345,tt0082407,3
nm0542124,nm0661345,tt0082407,3
nm0210701,nm0246822,tt0082408,5
nm0078760,nm0210701,tt0082408,5
nm0038238,nm0252473,tt0082423,3
nm0140643,nm0772522,tt0082429,3
nm0545383,nm0785664,tt0082436,3
nm0139536,nm0144758,tt0082451,7
nm0093585,nm0491290,tt0082455,3
nm0155291,nm0862479,tt0082462,3
nm0006939,nm0359894,tt0082471,3
nm0002178,nm0359894,tt0082471,4
nm0359894,nm0494378,tt0082471,3
nm0359894,nm0756696,tt0082471,4
nm0002178,nm0006939,tt0082471,5
nm0006939,nm0494378,tt0082471,3
nm0006939,nm0756696,tt0082471,5
nm0002178,nm0494378,tt0082471,3
nm0002178,nm0756696,tt0082471,6
nm0000568,nm0001345,tt0082474,4
nm0001345,nm0324397,tt0082474,3
nm0000568,nm0324397,tt0082474,3
nm0000269,nm0102722,tt0082484,4
nm0477108,nm0482614,tt0082485,3
nm0007139,nm0477108,tt0082485,4
nm0538353,nm0874676,tt0082485,6
nm0007139,nm0874676,tt0082485,3
nm0000587,nm0384185,tt0082495,3
nm0320808,nm0435726,tt0082510,3
nm0441955,nm0755974,tt0082528,5
nm0441955,nm0637508,tt0082528,6
nm0203246,nm0441955,tt0082528,3
nm0441955,nm0851780,tt0082528,4
nm0637508,nm0755974,tt0082528,5
nm0203246,nm0755974,tt0082528,3
nm0755974,nm0851780,tt0082528,3
nm0203246,nm0637508,tt0082528,3
nm0637508,nm0851780,tt0082528,4
nm0203246,nm0851780,tt0082528,4
nm0029242,nm0851522,tt0082539,3
nm0634159,nm0734000,tt0082547,3
nm0264688,nm0382327,tt0082547,3
nm0192176,nm0559769,tt0082559,3
nm0238489,nm0559769,tt0082559,12
nm0192176,nm0289576,tt0082559,3
nm0238489,nm0289576,tt0082559,19
nm0814242,nm0814773,tt0082567,10
nm0473162,nm0560727,tt0082576,3
nm0458722,nm0473162,tt0082576,4
nm0473162,nm0669604,tt0082576,3
nm0458722,nm0560727,tt0082576,3
nm0560727,nm0669604,tt0082576,3
nm0458722,nm0669604,tt0082576,5
nm0006664,nm0647429,tt0082577,3
nm0424220,nm0647429,tt0082577,4
nm0000821,nm0025627,tt0082594,3
nm0000821,nm0025613,tt0082594,3
nm0161615,nm0689990,tt0082599,3
nm0001681,nm0767741,tt0082622,3
nm0000821,nm0576488,tt0082644,4
nm0434318,nm0451166,tt0082644,3
nm0002157,nm0062353,tt0082651,7
nm0092482,nm0865396,tt0082666,3
nm0129970,nm0865396,tt0082666,3
nm0548654,nm0865396,tt0082666,3
nm0297064,nm0617504,tt0082671,6
nm0151068,nm0628827,tt0082675,7
nm0000305,nm0293989,tt0082679,4
nm0000305,nm0242637,tt0082679,3
nm0242637,nm0293989,tt0082679,3
nm0003508,nm0496312,tt0082690,5
nm0000154,nm0371249,tt0082694,3
nm0150057,nm0785664,tt0082701,3
nm0014227,nm0407990,tt0082704,5
nm0161149,nm0407990,tt0082704,3
nm0711648,nm0773365,tt0082708,6
nm0156955,nm0874676,tt0082712,5
nm0157971,nm0874676,tt0082712,4
nm0157971,nm0232504,tt0082712,3
nm0232504,nm0525475,tt0082712,4
nm0073053,nm0598102,tt0082714,7
nm0207401,nm0598102,tt0082714,8
nm0598102,nm0684083,tt0082714,3
nm0073053,nm0684083,tt0082714,4
nm0207401,nm0684083,tt0082714,4
nm0001945,nm0173354,tt0082726,3
nm0001970,nm0843640,tt0082736,3
nm0001970,nm0229569,tt0082736,3
nm0229569,nm0843640,tt0082736,3
nm0024589,nm0179281,tt0082741,4
nm0179278,nm0179281,tt0082741,3
nm0000905,nm0148437,tt0082752,5
nm0401201,nm0401204,tt0082761,5
nm0401204,nm0401207,tt0082761,3
nm0150850,nm0298689,tt0082762,9
nm0000983,nm0569606,tt0082764,4
nm0001206,nm0820669,tt0082776,7
nm0001501,nm0001728,tt0082783,3
nm0344873,nm0344875,tt0082787,3
nm0611520,nm0713592,tt0082796,3
nm0000821,nm0438501,tt0082797,3
nm0000821,nm0220828,tt0082797,5
nm0000821,nm0707274,tt0082797,5
nm0000821,nm0795652,tt0082797,4
nm0434318,nm0438501,tt0082797,4
nm0220828,nm0434318,tt0082797,4
nm0220828,nm0707274,tt0082797,5
nm0220828,nm0795652,tt0082797,3
nm0434318,nm0707274,tt0082797,6
nm0434318,nm0795652,tt0082797,5
nm0707274,nm0795652,tt0082797,6
nm0397184,nm0938199,tt0082802,4
nm0555722,nm0845867,tt0082807,3
nm0217134,nm0821466,tt0082811,3
nm0490492,nm0516316,tt0082825,3
nm0155291,nm0516316,tt0082825,4
nm0516316,nm0838936,tt0082825,3
nm0050853,nm0819825,tt0082842,4
nm0046987,nm0819825,tt0082842,4
nm0046987,nm0050853,tt0082842,10
nm0482670,nm0939147,tt0082851,4
nm0328221,nm0511703,tt0082858,4
nm0261826,nm0423053,tt0082874,3
nm0394086,nm0483625,tt0082875,3
nm0531431,nm0778633,tt0082883,4
nm0007023,nm0162223,tt0082888,3
nm0007023,nm0260330,tt0082888,3
nm0260330,nm0305557,tt0082888,3
nm0044156,nm0260330,tt0082888,4
nm0305557,nm0328020,tt0082888,4
nm0044156,nm0305557,tt0082888,4
nm0139213,nm0899911,tt0082905,4
nm0332052,nm0473252,tt0082911,4
nm0332052,nm0351486,tt0082911,3
nm0158029,nm0498080,tt0082916,6
nm0729626,nm0771535,tt0082927,4
nm0349427,nm0470772,tt0082930,3
nm0000197,nm0706182,tt0082934,3
nm0018872,nm0484376,tt0082953,3
nm0580318,nm0883553,tt0082954,3
nm0273508,nm0554924,tt0082965,3
nm0332417,nm0539081,tt0082966,3
nm0002086,nm0108978,tt0082966,3
nm0108978,nm0332417,tt0082966,8
nm0261681,nm0580853,tt0082967,3
nm0580853,nm0654839,tt0082967,5
nm0379678,nm0580853,tt0082967,3
nm0379678,nm0654839,tt0082967,4
nm0000148,nm0000229,tt0082971,3
nm0000184,nm0000229,tt0082971,3
nm0473314,nm0656647,tt0082991,3
nm0304839,nm0879476,tt0082997,3
nm0845223,nm0879476,tt0082997,4
nm0846314,nm0896557,tt0082998,3
nm0667724,nm0896557,tt0082998,3
nm0667724,nm0846314,tt0082998,7
nm0165263,nm0674735,tt0083005,3
nm0003501,nm0227661,tt0083007,4
nm0335131,nm0824007,tt0083013,3
nm0814570,nm0849099,tt0083021,5
nm0098208,nm0411585,tt0083027,4
nm0438906,nm0543547,tt0083028,3
nm0224441,nm0894758,tt0083049,3
nm0042849,nm0773104,tt0083052,3
nm0007181,nm0765166,tt0083081,3
nm0001353,nm0318429,tt0083111,3
nm0000195,nm0718645,tt0083131,3
nm0000601,nm0718645,tt0083131,3
nm0089676,nm0325175,tt0083131,3
nm0246408,nm0273193,tt0083136,5
nm0636893,nm0945632,tt0083149,3
nm0270413,nm0690610,tt0083159,3
nm0000887,nm0690431,tt0083169,3
nm0519665,nm0682851,tt0083179,3
nm0208674,nm0527002,tt0083203,4
nm0241696,nm0527002,tt0083203,3
nm0034899,nm0527002,tt0083203,5
nm0683119,nm0911285,tt0083205,3
nm0546672,nm0911285,tt0083205,4
nm0184344,nm0911285,tt0083205,3
nm0546672,nm0683119,tt0083205,6
nm0139536,nm0683119,tt0083205,4
nm0184344,nm0683119,tt0083205,3
nm0139536,nm0546672,tt0083205,6
nm0184344,nm0546672,tt0083205,5
nm0139536,nm0184344,tt0083205,4
nm0580853,nm0654843,tt0083217,4
nm0346096,nm0634159,tt0083226,4
nm0346096,nm0742940,tt0083226,5
nm0393345,nm0499939,tt0083237,3
nm0290877,nm0335133,tt0083257,3
nm0335133,nm0731220,tt0083257,3
nm0290877,nm0731220,tt0083257,4
nm0339264,nm0467942,tt0083266,5
nm0405545,nm0517978,tt0083268,10
nm0463740,nm0517978,tt0083268,11
nm0405545,nm0463740,tt0083268,7
nm0405545,nm0664218,tt0083268,11
nm0463740,nm0664218,tt0083268,10
nm0116339,nm0252473,tt0083276,5
nm0127119,nm0252473,tt0083276,7
nm0050853,nm0252473,tt0083276,3
nm0046987,nm0252473,tt0083276,3
nm0116339,nm0127119,tt0083276,5
nm0050853,nm0116339,tt0083276,4
nm0046987,nm0116339,tt0083276,4
nm0007023,nm0699909,tt0083294,5
nm0609183,nm0869053,tt0083295,4
nm0012602,nm0165282,tt0083307,3
nm0000833,nm0163990,tt0083310,3
nm0381230,nm0442207,tt0083312,8
nm0052361,nm0900942,tt0083315,3
nm0000377,nm0000824,tt0083326,3
nm0836136,nm0844325,tt0083335,3
nm0232504,nm0862479,tt0083346,4
nm0399070,nm0862479,tt0083346,3
nm0497201,nm0950482,tt0083347,3
nm0000334,nm0158402,tt0083348,3
nm0415777,nm0950759,tt0083352,3
nm0939147,nm0950759,tt0083352,3
nm0790925,nm0874676,tt0083362,4
nm0417352,nm0534508,tt0083367,4
nm0379795,nm0534508,tt0083367,4
nm0379795,nm0417352,tt0083367,5
nm0622931,nm0654839,tt0083373,6
nm0000560,nm0574433,tt0083511,3
nm0000560,nm0001353,tt0083511,3
nm0000560,nm0006854,tt0083511,3
nm0000552,nm0211823,tt0083511,3
nm0001353,nm0343419,tt0083511,4
nm0258820,nm0439102,tt0083522,5
nm0608311,nm0865575,tt0083549,3
nm0073053,nm0865575,tt0083549,3
nm0207401,nm0865575,tt0083549,3
nm0073053,nm0598720,tt0083549,3
nm0207401,nm0598720,tt0083549,3
nm0001403,nm0001653,tt0083560,3
nm0000465,nm0994566,tt0083561,3
nm0000465,nm0668331,tt0083561,4
nm0668331,nm0994566,tt0083561,4
nm0001090,nm0166986,tt0083565,4
nm0059395,nm0331735,tt0083570,3
nm0070867,nm0952067,tt0083575,6
nm0080315,nm0784044,tt0083578,4
nm0442455,nm0671231,tt0083579,3
nm0442454,nm0671231,tt0083579,6
nm0442454,nm0631741,tt0083579,5
nm0002759,nm0553941,tt0083585,4
nm0285471,nm0545956,tt0083592,4
nm0622931,nm0654843,tt0083599,6
nm0004429,nm0004570,tt0083608,4
nm0004429,nm0463319,tt0083608,3
nm0376963,nm0889090,tt0083624,3
nm0179281,nm0739744,tt0083635,3
nm0576495,nm0713592,tt0083636,3
nm0080432,nm0713592,tt0083636,4
nm0000052,nm0681566,tt0083648,4
nm0288563,nm0590474,tt0083649,4
nm0274853,nm0646179,tt0083655,8
nm0000442,nm0672459,tt0083658,3
nm0006872,nm0898812,tt0083676,7
nm0211565,nm0646179,tt0083680,5
nm0157785,nm0482670,tt0083695,3
nm0504973,nm0939351,tt0083699,4
nm0504973,nm0939236,tt0083699,3
nm0000305,nm0005062,tt0083701,3
nm0000305,nm0571781,tt0083701,3
nm0000305,nm0633637,tt0083701,3
nm0005062,nm0293989,tt0083701,3
nm0293989,nm0571781,tt0083701,3
nm0293989,nm0633637,tt0083701,3
nm0005062,nm0571781,tt0083701,3
nm0005062,nm0633637,tt0083701,3
nm0571781,nm0633637,tt0083701,3
nm0246986,nm0252880,tt0083703,3
nm0739931,nm0759877,tt0083711,5
nm0149877,nm0484397,tt0083716,5
nm0108539,nm0484397,tt0083716,4
nm0108539,nm0149877,tt0083716,3
nm0049621,nm0290956,tt0083723,4
nm0005645,nm0053716,tt0083736,6
nm0001522,nm0276169,tt0083739,3
nm0049617,nm0060681,tt0083742,5
nm0133426,nm0704719,tt0083743,4
nm0002167,nm0148437,tt0083744,3
nm0000175,nm0001681,tt0083767,4
nm0066223,nm0151155,tt0083769,5
nm0022116,nm0654839,tt0083770,3
nm0046152,nm0749914,tt0083783,3
nm0000367,nm0140643,tt0083789,3
nm0002140,nm0699659,tt0083789,3
nm0002140,nm0906667,tt0083789,4
nm0000188,nm0005348,tt0083798,3
nm0348018,nm0695916,tt0083825,3
nm0695916,nm0709777,tt0083825,3
nm0005033,nm0150894,tt0083828,3
nm0121113,nm0548095,tt0083831,3
nm0160865,nm0438071,tt0083836,4
nm0029161,nm0190691,tt0083865,4
nm0007746,nm0889403,tt0083871,3
nm0092789,nm0889402,tt0083871,7
nm0092789,nm0889403,tt0083871,6
nm0889402,nm0889403,tt0083871,25
nm0278384,nm0755075,tt0083877,3
nm0622695,nm0858482,tt0083884,4
nm0001745,nm0019244,tt0083888,4
nm0000600,nm0132257,tt0083907,5
nm0162878,nm0445185,tt0083942,3
nm0000230,nm0001077,tt0083944,3
nm0000230,nm0606251,tt0083944,3
nm0001077,nm0606251,tt0083944,3
nm0885554,nm0959016,tt0083949,3
nm0691061,nm0731992,tt0083959,12
nm0101428,nm0607407,tt0083962,3
nm0037372,nm0844541,tt0083970,3
nm0457725,nm0914536,tt0083972,3
nm0457725,nm0566699,tt0083972,3
nm0155587,nm0514998,tt0083977,10
nm0155587,nm0497097,tt0083977,6
nm0529890,nm0562210,tt0083981,4
nm0001238,nm0529890,tt0083981,4
nm0129201,nm0195293,tt0084007,6
nm0195293,nm0716701,tt0084007,7
nm0246408,nm0616392,tt0084016,4
nm0320929,nm0342611,tt0084019,3
nm0140643,nm0681566,tt0084040,3
nm0149631,nm0595989,tt0084042,3
nm0258168,nm0368688,tt0084044,3
nm0155593,nm0232504,tt0084061,3
nm0393075,nm0538532,tt0084068,3
nm0544306,nm0629309,tt0084079,3
nm0628838,nm0939147,tt0084105,3
nm0060681,nm0305053,tt0084137,4
nm0049617,nm0305053,tt0084137,4
nm0274853,nm0690741,tt0084151,4
nm0205370,nm0491265,tt0084158,3
nm0518192,nm0729473,tt0084181,4
nm0252473,nm0348965,tt0084189,4
nm0252473,nm0252484,tt0084189,4
nm0116339,nm0348965,tt0084189,6
nm0116339,nm0252484,tt0084189,4
nm0252484,nm0348965,tt0084189,4
nm0050853,nm0348965,tt0084189,3
nm0046987,nm0348965,tt0084189,3
nm0455797,nm0702555,tt0084226,3
nm0086134,nm0209209,tt0084245,3
nm0002000,nm0149222,tt0084256,3
nm0013706,nm0409406,tt0084261,7
nm0145626,nm0409406,tt0084261,4
nm0409406,nm0613939,tt0084261,4
nm0185187,nm0443367,tt0084264,6
nm0000329,nm0535320,tt0084266,3
nm0000329,nm0849282,tt0084266,13
nm0000329,nm0938944,tt0084266,5
nm0535320,nm0849282,tt0084266,3
nm0321821,nm0652305,tt0084295,6
nm0006498,nm0440480,tt0084303,6
nm0440480,nm0538532,tt0084303,6
nm0006498,nm0538532,tt0084303,4
nm0757824,nm0951145,tt0084307,4
nm0438463,nm0700869,tt0084324,4
nm0007131,nm0438463,tt0084324,3
nm0015287,nm0438463,tt0084324,7
nm0673826,nm0759685,tt0084346,3
nm0420533,nm0957372,tt0084346,3
nm0066223,nm0156434,tt0084349,5
nm0150796,nm0156434,tt0084349,14
nm0000092,nm0001402,tt0084352,4
nm0001402,nm0001589,tt0084352,4
nm0000416,nm0001385,tt0084352,3
nm0001385,nm0001402,tt0084352,3
nm0460007,nm0754097,tt0084382,4
nm0000821,nm0695199,tt0084393,3
nm0000165,nm0000474,tt0084412,3
nm0000474,nm0304665,tt0084412,3
nm0000474,nm0541632,tt0084412,3
nm0000165,nm0304665,tt0084412,4
nm0000165,nm0541632,tt0084412,4
nm0304665,nm0541632,tt0084412,14
nm0851752,nm0851754,tt0084422,6
nm0346096,nm0851752,tt0084422,4
nm0346096,nm0851754,tt0084422,4
nm0139536,nm0307752,tt0084424,3
nm0838936,nm0862479,tt0084436,3
nm0008244,nm0096846,tt0084451,3
nm0096846,nm0591046,tt0084451,3
nm0256628,nm0945282,tt0084454,3
nm0012098,nm0023929,tt0084472,3
nm0191109,nm0720277,tt0084473,4
nm0000464,nm0527099,tt0084488,3
nm0596170,nm0697821,tt0084510,3
nm0043622,nm0527002,tt0084512,4
nm0527002,nm0647055,tt0084512,3
nm0622643,nm0659609,tt0084515,3
nm0209209,nm0515697,tt0084517,3
nm0049494,nm0946160,tt0084518,3
nm0580691,nm0845867,tt0084518,3
nm0380628,nm0597517,tt0084522,3
nm0461129,nm0597517,tt0084522,3
nm0163706,nm0597517,tt0084522,3
nm0380628,nm0461129,tt0084522,3
nm0163706,nm0380628,tt0084522,3
nm0163706,nm0461129,tt0084522,3
nm0000809,nm0596850,tt0084526,3
nm0432040,nm0436687,tt0084526,3
nm0342278,nm0342303,tt0084535,14
nm0001355,nm0910361,tt0084539,3
nm0511277,nm0953168,tt0084549,3
nm0155599,nm0943138,tt0084551,5
nm0002010,nm0688585,tt0084555,8
nm0432040,nm0508293,tt0084555,4
nm0169540,nm0605363,tt0084556,4
nm0950604,nm0950761,tt0084557,3
nm0950759,nm0950761,tt0084557,3
nm0950604,nm0950751,tt0084557,3
nm0950604,nm0950759,tt0084557,4
nm0005033,nm0943138,tt0084587,3
nm0482580,nm0943138,tt0084587,4
nm0002002,nm0760796,tt0084600,3
nm0000230,nm0949350,tt0084602,3
nm0004109,nm0007106,tt0084632,3
nm0001123,nm0089940,tt0084649,4
nm0001123,nm0325776,tt0084649,3
nm0089940,nm0690112,tt0084649,3
nm0089940,nm0325776,tt0084649,8
nm0325776,nm0690112,tt0084649,3
nm0136642,nm0524521,tt0084650,3
nm0386382,nm0652592,tt0084656,5
nm0016321,nm0690610,tt0084686,3
nm0199381,nm0503095,tt0084696,3
nm0465529,nm0786190,tt0084697,3
nm0000559,nm0000638,tt0084726,5
nm0000638,nm0001420,tt0084726,5
nm0000638,nm0001150,tt0084726,5
nm0000638,nm0583292,tt0084726,3
nm0000638,nm0734472,tt0084726,6
nm0000638,nm0071790,tt0084726,4
nm0000559,nm0001420,tt0084726,5
nm0000559,nm0001150,tt0084726,5
nm0000559,nm0583292,tt0084726,3
nm0000559,nm0734472,tt0084726,5
nm0000559,nm0071790,tt0084726,4
nm0001150,nm0001420,tt0084726,5
nm0001420,nm0583292,tt0084726,3
nm0001420,nm0734472,tt0084726,5
nm0001420,nm0071790,tt0084726,4
nm0001150,nm0583292,tt0084726,3
nm0001150,nm0734472,tt0084726,5
nm0001150,nm0071790,tt0084726,4
nm0583292,nm0734472,tt0084726,3
nm0071790,nm0734472,tt0084726,4
nm0006763,nm0787462,tt0084744,3
nm0002000,nm0170504,tt0084775,6
nm0005196,nm0135117,tt0084776,4
nm0643171,nm0648409,tt0084778,5
nm0648409,nm0945528,tt0084778,3
nm0643171,nm0945528,tt0084778,3
nm0542063,nm0694843,tt0084782,3
nm0646179,nm0694843,tt0084782,3
nm0000369,nm0386023,tt0084783,3
nm0709947,nm0930806,tt0084796,3
nm0295386,nm0930806,tt0084796,4
nm0000163,nm0001469,tt0084805,4
nm0617492,nm0685507,tt0084806,5
nm0001175,nm0007042,tt0084814,3
nm0001175,nm0612321,tt0084814,3
nm0001175,nm0250005,tt0084814,3
nm0346993,nm0749914,tt0084824,4
nm0463740,nm0758741,tt0084845,4
nm0131033,nm0889402,tt0084846,4
nm0131033,nm0889403,tt0084846,4
nm0001233,nm0004365,tt0084867,3
nm0289576,nm0864081,tt0084869,3
nm0865521,nm0882972,tt0084872,3
nm0815784,nm0882972,tt0084872,4
nm0882972,nm0883161,tt0084872,4
nm0815784,nm0865521,tt0084872,3
nm0865521,nm0883161,tt0084872,3
nm0815784,nm0883161,tt0084872,7
nm0126960,nm0305054,tt0084874,3
nm0229741,nm0395816,tt0084878,3
nm0848355,nm0874676,tt0084925,8
nm0514905,nm0848355,tt0084925,3
nm0514905,nm0874676,tt0084925,5
nm0170504,nm0874676,tt0084925,3
nm0151155,nm0838936,tt0084926,3
nm0155587,nm0945189,tt0084929,4
nm0155587,nm0516314,tt0084929,3
nm0151155,nm0399070,tt0084936,4
nm0151155,nm0939147,tt0084936,5
nm0155587,nm0298689,tt0084940,4
nm0155587,nm0910869,tt0084940,3
nm0401207,nm0538353,tt0084955,5
nm0335133,nm0634159,tt0084962,3
nm0332417,nm0339888,tt0085124,6
nm0004365,nm0332417,tt0085124,4
nm0000329,nm0005033,tt0085127,7
nm0005033,nm0950707,tt0085127,8
nm0849282,nm0950707,tt0085127,3
nm0553941,nm0759877,tt0085134,3
nm0290050,nm0759877,tt0085134,3
nm0553941,nm0739931,tt0085134,3
nm0290050,nm0739931,tt0085134,3
nm0654843,nm0713999,tt0085143,5
nm0274853,nm0557170,tt0085148,3
nm0274853,nm0889403,tt0085148,5
nm0024888,nm0327398,tt0085152,3
nm0482580,nm0950707,tt0085211,3
nm0938944,nm0950707,tt0085211,6
nm0482580,nm0939147,tt0085211,3
nm0005033,nm0939147,tt0085211,3
nm0938944,nm0939147,tt0085211,3
nm0531431,nm0769249,tt0085213,3
nm0161621,nm0539263,tt0085220,3
nm0000323,nm0001364,tt0085236,3
nm0604335,nm0677758,tt0085240,3
nm0415979,nm0639321,tt0085255,3
nm0562210,nm0873205,tt0085257,4
nm0001238,nm0873205,tt0085257,5
nm0386382,nm0994324,tt0085263,4
nm0386382,nm0992736,tt0085263,6
nm0386382,nm0595097,tt0085263,3
nm0021283,nm0576830,tt0085298,3
nm0021283,nm0617737,tt0085298,3
nm0576830,nm0617737,tt0085298,3
nm0000877,nm0332417,tt0085303,5
nm0182275,nm0547605,tt0085308,3
nm0246986,nm0952304,tt0085315,3
nm0001352,nm0817881,tt0085327,5
nm0497379,nm0504899,tt0085336,4
nm0119234,nm0518363,tt0085345,3
nm0729473,nm0890311,tt0085356,4
nm0518192,nm0890311,tt0085356,3
nm0264967,nm0281445,tt0085366,3
nm0045870,nm0545383,tt0085370,3
nm0136789,nm0331453,tt0085394,5
nm0053484,nm0360253,tt0085394,3
nm0139753,nm0948634,tt0085416,3
nm0000108,nm0000606,tt0085426,3
nm0195293,nm0491290,tt0085443,5
nm0491290,nm0716701,tt0085443,4
nm0404091,nm0898317,tt0085477,3
nm0500988,nm0882683,tt0085477,3
nm0773168,nm0908319,tt0085484,3
nm0396284,nm0943150,tt0085503,5
nm0139801,nm0777291,tt0085518,3
nm0298689,nm0939147,tt0085531,11
nm0159201,nm0849347,tt0085531,3
nm0160883,nm0396284,tt0085533,11
nm0442207,nm0835376,tt0085547,3
nm0062353,nm0081547,tt0085585,3
nm0002194,nm0217466,tt0085597,5
nm0042812,nm0217466,tt0085597,3
nm0001352,nm0005645,tt0085601,3
nm0001352,nm0053716,tt0085601,3
nm0005645,nm0817881,tt0085601,3
nm0053716,nm0817881,tt0085601,3
nm0001006,nm0506405,tt0085603,4
nm0002073,nm0172826,tt0085672,3
nm0155292,nm0227628,tt0085695,3
nm0150850,nm0939147,tt0085698,24
nm0124973,nm0227661,tt0085719,4
nm0438499,nm0787453,tt0085743,3
nm0129201,nm0491290,tt0085751,4
nm0126898,nm0832393,tt0085753,4
nm0150894,nm0155587,tt0085754,3
nm0350574,nm0434035,tt0085767,6
nm0350574,nm0678878,tt0085767,6
nm0434035,nm0678878,tt0085767,6
nm0038238,nm0127119,tt0085770,3
nm0027984,nm0844226,tt0085817,3
nm0344662,nm0844226,tt0085817,6
nm0379678,nm0654843,tt0085861,3
nm0371824,nm0443367,tt0085893,3
nm0254727,nm0443367,tt0085893,4
nm0185187,nm0371824,tt0085893,5
nm0185187,nm0254727,tt0085893,3
nm0007181,nm0438463,tt0085912,3
nm0023929,nm0859772,tt0085935,3
nm0155587,nm0702666,tt0085952,4
nm0497097,nm0939275,tt0085952,5
nm0112549,nm0208544,tt0085955,3
nm0381309,nm0468867,tt0085962,3
nm0666498,nm0764982,tt0085968,4
nm0000331,nm0000455,tt0085995,3
nm0337167,nm0562210,tt0086020,5
nm0079916,nm0350350,tt0086042,3
nm0000664,nm0001367,tt0086066,3
nm0006249,nm0712994,tt0086103,3
nm0153463,nm0679385,tt0086119,4
nm0113499,nm0114717,tt0086137,3
nm0341925,nm0955664,tt0086142,4
nm0217260,nm0559769,tt0086176,3
nm0217260,nm0289576,tt0086176,3
nm0217260,nm0238489,tt0086176,3
nm0559769,nm0889242,tt0086176,3
nm0289576,nm0889242,tt0086176,4
nm0238489,nm0889242,tt0086176,4
nm0177881,nm0576283,tt0086177,3
nm0278735,nm0798033,tt0086192,3
nm0086095,nm0162524,tt0086195,3
nm0086095,nm0720029,tt0086195,3
nm0126756,nm0379150,tt0086212,3
nm0583838,nm0723260,tt0086222,3
nm0139536,nm0723260,tt0086222,4
nm0001238,nm0908624,tt0086239,3
nm0131033,nm0211565,tt0086240,4
nm0211565,nm0889402,tt0086240,7
nm0211565,nm0889403,tt0086240,7
nm0368057,nm0393094,tt0086247,3
nm0486906,nm0676248,tt0086248,9
nm0356448,nm0711648,tt0086257,4
nm0356448,nm0773365,tt0086257,4
nm0222272,nm0956205,tt0086264,3
nm0233050,nm0640126,tt0086276,3
nm0160900,nm0297133,tt0086286,7
nm0497579,nm0759606,tt0086304,3
nm0398703,nm0814162,tt0086319,4
nm0148393,nm0398703,tt0086319,3
nm0300525,nm0430927,tt0086323,3
nm0083699,nm0201984,tt0086325,3
nm0273178,nm0755364,tt0086335,3
nm0274853,nm0889402,tt0086343,3
nm0696400,nm0721063,tt0086346,3
nm0053268,nm0879246,tt0086365,3
nm0695832,nm0879246,tt0086365,3
nm0053268,nm0695832,tt0086365,3
nm0000608,nm0000885,tt0086379,3
nm0000142,nm0830472,tt0086383,3
nm0473252,nm0699591,tt0086394,4
nm0332052,nm0699591,tt0086394,3
nm0001262,nm0006631,tt0086410,3
nm0004149,nm0339888,tt0086434,3
nm0004149,nm0363615,tt0086434,3
nm0004149,nm0170354,tt0086434,4
nm0004149,nm0332417,tt0086434,5
nm0170354,nm0339888,tt0086434,3
nm0170354,nm0363615,tt0086434,3
nm0332417,nm0363615,tt0086434,3
nm0170354,nm0332417,tt0086434,8
nm0102280,nm0490489,tt0086446,3
nm0490489,nm0628806,tt0086446,8
nm0490489,nm0538328,tt0086446,4
nm0067122,nm0538532,tt0086453,3
nm0000484,nm0000552,tt0086465,3
nm0696949,nm0780620,tt0086476,3
nm0006664,nm0398703,tt0086477,4
nm0186988,nm0485229,tt0086478,3
nm0000905,nm0078233,tt0086483,3
nm0151068,nm0762632,tt0086485,6
nm0001238,nm0265761,tt0086486,3
nm0109885,nm0187337,tt0086505,3
nm0299192,nm0436776,tt0086520,6
nm0299192,nm0651900,tt0086520,3
nm0299192,nm0847186,tt0086520,6
nm0299192,nm0437498,tt0086520,4
nm0436776,nm0847186,tt0086520,5
nm0436776,nm0437498,tt0086520,3
nm0437498,nm0847186,tt0086520,4
nm0722749,nm0764469,tt0086539,4
nm0693799,nm0749914,tt0086546,5
nm0080080,nm0251893,tt0086549,3
nm0515635,nm0562210,tt0086555,8
nm0001238,nm0515635,tt0086555,16
nm0515635,nm0873205,tt0086555,4
nm0244908,nm0244909,tt0086557,5
nm0052677,nm0438463,tt0086597,3
nm0080180,nm0438463,tt0086597,4
nm0052677,nm0415833,tt0086597,3
nm0005033,nm0628827,tt0086605,4
nm0628827,nm0762632,tt0086605,5
nm0762632,nm0938944,tt0086605,4
nm0628827,nm0938944,tt0086605,5
nm0156434,nm0482630,tt0086611,4
nm0170504,nm0298682,tt0086616,4
nm0524528,nm0776116,tt0086642,3
nm0893186,nm0910659,tt0086652,3
nm0389348,nm0689983,tt0086833,5
nm0296389,nm0333570,tt0086863,3
nm0117486,nm0296389,tt0086863,3
nm0117486,nm0333570,tt0086863,3
nm0531511,nm0938475,tt0086869,3
nm0001162,nm0111845,tt0086876,3
nm0024580,nm0889402,tt0086881,3
nm0024580,nm0889403,tt0086881,3
nm0094726,nm0729626,tt0086889,9
nm0034079,nm0244707,tt0086890,4
nm0034079,nm0720297,tt0086890,4
nm0244707,nm0720297,tt0086890,3
nm0006763,nm0438463,tt0086892,8
nm0080432,nm0438463,tt0086892,5
nm0438463,nm0451168,tt0086892,4
nm0434318,nm0438463,tt0086892,5
nm0006763,nm0434318,tt0086892,7
nm0080432,nm0802692,tt0086892,3
nm0080432,nm0451168,tt0086892,5
nm0129193,nm0642057,tt0086896,3
nm0004429,nm0149822,tt0086925,4
nm0411477,nm0698493,tt0086927,10
nm0073888,nm0935782,tt0086941,3
nm0002000,nm0150916,tt0086950,3
nm0150906,nm0150916,tt0086950,5
nm0150906,nm0155593,tt0086950,6
nm0150916,nm0155593,tt0086950,4
nm0622643,nm0790202,tt0086951,3
nm0147599,nm0598102,tt0086954,8
nm0073053,nm0147599,tt0086954,5
nm0147599,nm0207401,tt0086954,6
nm0404754,nm0441718,tt0086955,4
nm0000552,nm0677943,tt0086960,3
nm0000552,nm0045301,tt0086960,3
nm0045301,nm0677943,tt0086960,3
nm0001425,nm0682830,tt0086961,7
nm0838706,nm0838757,tt0086963,3
nm0557789,nm0675072,tt0086978,4
nm0001053,nm0001054,tt0086979,8
nm0991937,nm0992736,tt0086986,3
nm0386382,nm0991937,tt0086986,4
nm0652592,nm0994324,tt0086986,3
nm0136021,nm0491777,tt0086994,3
nm0000806,nm0720675,tt0087013,4
nm0433520,nm0442454,tt0087020,4
nm0343518,nm0658301,tt0087026,7
nm0229962,nm0821412,tt0087027,6
nm0001018,nm0748928,tt0087054,3
nm0172484,nm0546672,tt0087068,3
nm0001812,nm0546672,tt0087068,3
nm0874676,nm0938944,tt0087111,9
nm0156432,nm0874676,tt0087111,4
nm0156432,nm0938944,tt0087111,5
nm0839003,nm0915452,tt0087112,3
nm0104809,nm0233608,tt0087121,3
nm0000334,nm0504973,tt0087137,3
nm0051984,nm0697514,tt0087142,3
nm0051984,nm0863726,tt0087142,3
nm0073053,nm0599604,tt0087181,6
nm0207401,nm0599604,tt0087181,6
nm0206870,nm0953881,tt0087186,5
nm0554920,nm0953881,tt0087186,4
nm0206870,nm0554920,tt0087186,4
nm0206870,nm0554924,tt0087186,5
nm0834484,nm0894132,tt0087191,6
nm0000052,nm0346096,tt0087208,5
nm0486599,nm0690794,tt0087249,3
nm0001185,nm0005190,tt0087265,3
nm0001885,nm0905071,tt0087280,3
nm0087279,nm0496694,tt0087297,4
nm0006939,nm0664243,tt0087314,3
nm0160925,nm0950699,tt0087319,3
nm0373486,nm0773337,tt0087345,5
nm0003864,nm0812373,tt0087379,3
nm0349425,nm0846119,tt0087387,3
nm0159201,nm0504973,tt0087406,3
nm0001238,nm0441660,tt0087413,4
nm0227661,nm0395337,tt0087418,11
nm0246903,nm0432454,tt0087459,3
nm0004149,nm0004365,tt0087461,4
nm0002194,nm0097063,tt0087462,3
nm0042812,nm0097063,tt0087462,3
nm0848355,nm0938944,tt0087522,5
nm0127119,nm0348965,tt0087527,4
nm0127119,nm0252484,tt0087527,3
nm0170504,nm0530865,tt0087528,11
nm0002172,nm0643350,tt0087536,3
nm0001494,nm0001552,tt0087538,3
nm0000814,nm0001494,tt0087538,3
nm0001494,nm0436543,tt0087538,3
nm0000814,nm0001552,tt0087538,3
nm0001552,nm0436543,tt0087538,4
nm0000814,nm0436543,tt0087538,4
nm0001000,nm0124973,tt0087562,3
nm0401247,nm0833708,tt0087566,3
nm0815784,nm0890874,tt0087588,3
nm0883161,nm0890874,tt0087588,3
nm0332417,nm0722388,tt0087594,3
nm0530975,nm0822868,tt0087622,4
nm0399065,nm0537301,tt0087623,3
nm0511703,nm0562210,tt0087624,3
nm0001238,nm0511703,tt0087624,4
nm0511703,nm0515635,tt0087624,3
nm0158605,nm0490497,tt0087637,3
nm0158605,nm0159474,tt0087637,3
nm0158605,nm0939182,tt0087637,3
nm0002000,nm0939182,tt0087637,4
nm0490497,nm0938944,tt0087637,3
nm0938944,nm0939182,tt0087637,3
nm0754847,nm0890367,tt0087652,3
nm0694843,nm0953301,tt0087653,4
nm0646179,nm0953301,tt0087653,3
nm0278947,nm0332052,tt0087669,3
nm0219939,nm0219971,tt0087678,3
nm0005033,nm0151068,tt0087679,3
nm0223250,nm0487254,tt0087681,3
nm0003508,nm0223250,tt0087681,3
nm0334601,nm0808807,tt0087687,3
nm0053268,nm0206646,tt0087699,3
nm0052794,nm0206646,tt0087699,3
nm0052794,nm0053268,tt0087699,5
nm0441660,nm0562210,tt0087723,3
nm0001569,nm0798649,tt0087727,3
nm0001569,nm0506062,tt0087727,3
nm0001569,nm0082893,tt0087727,3
nm0506062,nm0798649,tt0087727,3
nm0082893,nm0798649,tt0087727,3
nm0082893,nm0506062,tt0087727,3
nm0480261,nm0666014,tt0087791,3
nm0000127,nm0000387,tt0087800,7
nm0002194,nm0147167,tt0087813,3
nm0012814,nm0451867,tt0087831,3
nm0406728,nm0411150,tt0087836,6
nm0383025,nm0411150,tt0087836,5
nm0110653,nm0498080,tt0087867,3
nm0273335,nm0716748,tt0087869,3
nm0004462,nm0500988,tt0087888,3
nm0004462,nm0867374,tt0087888,3
nm0500988,nm0867374,tt0087888,3
nm0000783,nm0274853,tt0087909,8
nm0081329,nm0432040,tt0087917,4
nm0001238,nm0739124,tt0087920,6
nm0000430,nm0807571,tt0087928,4
nm0000430,nm0411477,tt0087928,4
nm0000430,nm0698493,tt0087928,4
nm0047265,nm0933505,tt0087928,3
nm0411477,nm0807571,tt0087928,6
nm0698493,nm0807571,tt0087928,6
nm0126864,nm0690610,tt0087936,7
nm0353448,nm0676248,tt0087945,5
nm0048068,nm0465954,tt0087952,3
nm0066223,nm0150850,tt0087960,3
nm0066223,nm0939147,tt0087960,4
nm0179281,nm0953301,tt0087966,3
nm0515635,nm0739124,tt0087976,5
nm0582481,nm0854185,tt0088000,5
nm0119542,nm0951599,tt0088000,7
nm0508293,nm0634159,tt0088002,3
nm0508293,nm0956022,tt0088002,6
nm0436687,nm0508293,tt0088002,6
nm0508293,nm0584770,tt0088002,3
nm0584770,nm0956022,tt0088002,6
nm0436687,nm0584770,tt0088002,6
nm0007023,nm0654839,tt0088010,4
nm0000140,nm0000362,tt0088011,3
nm0534181,nm0903474,tt0088023,3
nm0080315,nm0451600,tt0088031,6
nm0532702,nm0836136,tt0088083,3
nm0628827,nm0874676,tt0088096,4
nm0516314,nm0874676,tt0088096,3
nm0156875,nm0628827,tt0088096,3
nm0156955,nm0628827,tt0088096,3
nm0516314,nm0628827,tt0088096,3
nm0151068,nm0155264,tt0088107,4
nm0161213,nm0482580,tt0088112,3
nm0392327,nm0512501,tt0088127,3
nm0223250,nm0496312,tt0088167,6
nm0262595,nm0317279,tt0088172,5
nm0443089,nm0528536,tt0088200,3
nm0528536,nm0804592,tt0088200,3
nm0000766,nm0885407,tt0088241,3
nm0000766,nm0346096,tt0088241,5
nm0346096,nm0885407,tt0088241,3
nm0000116,nm0000216,tt0088247,3
nm0000116,nm0000299,tt0088247,3
nm0151155,nm0298689,tt0088260,3
nm0793008,nm0939065,tt0088267,3
nm0793008,nm0938893,tt0088267,3
nm0504897,nm0762632,tt0088269,3
nm0007139,nm0504897,tt0088269,4
nm0007139,nm0950699,tt0088269,3
nm0069198,nm0913966,tt0088297,3
nm0248937,nm0772381,tt0088306,3
nm0586235,nm0664607,tt0088338,3
nm0230695,nm0333069,tt0088354,8
nm0016044,nm0311059,tt0088370,6
nm0010383,nm0311059,tt0088370,4
nm0010383,nm0016044,tt0088370,5
nm0155291,nm0157785,tt0088376,3
nm0149631,nm0621915,tt0088383,3
nm0047264,nm0379391,tt0088393,8
nm0232504,nm0298689,tt0088410,3
nm0947447,nm0950759,tt0088423,7
nm0150894,nm0939182,tt0088430,5
nm0702666,nm0938944,tt0088430,3
nm0004434,nm0713592,tt0088442,3
nm0273178,nm0704719,tt0088443,3
nm0007139,nm0401207,tt0088457,3
nm0006620,nm0785664,tt0088462,3
nm0176599,nm0285210,tt0088645,3
nm0001154,nm0416944,tt0088708,3
nm0001154,nm0278735,tt0088708,3
nm0001154,nm0459047,tt0088708,3
nm0001154,nm0024948,tt0088708,3
nm0278735,nm0416944,tt0088708,4
nm0416944,nm0459047,tt0088708,4
nm0024948,nm0416944,tt0088708,4
nm0024948,nm0459047,tt0088708,5
nm0136789,nm0868139,tt0088748,4
nm0136789,nm0879853,tt0088748,4
nm0136789,nm0853456,tt0088748,3
nm0331453,nm0868139,tt0088748,4
nm0868139,nm0879853,tt0088748,4
nm0331453,nm0879853,tt0088748,4
nm0331453,nm0853456,tt0088748,3
nm0853456,nm0879853,tt0088748,3
nm0337731,nm0337825,tt0088760,3
nm0000150,nm0000502,tt0088763,3
nm0000150,nm0000709,tt0088763,3
nm0000150,nm0301826,tt0088763,3
nm0000502,nm0000709,tt0088763,4
nm0000502,nm0301826,tt0088763,3
nm0406728,nm0620018,tt0088810,4
nm0077686,nm0937304,tt0088829,3
nm0220652,nm0225769,tt0088861,3
nm0411306,nm0501846,tt0088900,3
nm0097180,nm0234483,tt0088904,4
nm0001884,nm0060103,tt0088934,3
nm0000229,nm0583675,tt0088939,3
nm0517188,nm0918861,tt0088944,4
nm0044156,nm0305869,tt0088954,10
nm0328020,nm0760724,tt0088966,3
nm0000783,nm0000877,tt0089013,3
nm0000877,nm0274853,tt0089013,3
nm0379391,nm0384605,tt0089023,3
nm0379391,nm0572279,tt0089023,3
nm0379391,nm0958329,tt0089023,4
nm0379464,nm0434189,tt0089033,3
nm0127919,nm0434189,tt0089033,3
nm0343518,nm0779423,tt0089042,7
nm0074223,nm0718082,tt0089055,3
nm0000052,nm0147599,tt0089057,3
nm0023929,nm0138609,tt0089060,4
nm0305737,nm0515635,tt0089105,6
nm0001238,nm0305737,tt0089105,8
nm0001238,nm0597604,tt0089105,3
nm0126549,nm0344662,tt0089123,3
nm0270851,nm0844226,tt0089123,3
nm0270851,nm0344662,tt0089123,3
nm0000126,nm0721817,tt0089126,3
nm0156434,nm0939147,tt0089128,4
nm0156520,nm0492288,tt0089133,6
nm0150807,nm0399065,tt0089135,3
nm0000331,nm0006916,tt0089155,3
nm0005033,nm0298689,tt0089177,3
nm0005033,nm0516314,tt0089177,3
nm0298689,nm0628827,tt0089177,3
nm0298689,nm0938944,tt0089177,3
nm0516314,nm0938944,tt0089177,3
nm0766211,nm0913910,tt0089179,5
nm0913910,nm0994324,tt0089179,4
nm0766211,nm0994324,tt0089179,5
nm0001942,nm0506461,tt0089200,3
nm0004429,nm0244892,tt0089201,3
nm0244892,nm0244898,tt0089201,4
nm0000334,nm0939351,tt0089238,4
nm0000334,nm0803314,tt0089238,4
nm0481681,nm0803314,tt0089238,3
nm0803314,nm0939351,tt0089238,6
nm0538353,nm0874688,tt0089270,3
nm0004462,nm0933727,tt0089290,3
nm0045880,nm0866178,tt0089315,3
nm0001569,nm0635760,tt0089348,8
nm0116145,nm0635760,tt0089348,3
nm0000390,nm0549658,tt0089360,3
nm0465199,nm0742797,tt0089370,10
nm0157785,nm0482580,tt0089371,4
nm0157785,nm0401204,tt0089371,3
nm0157785,nm0490605,tt0089371,3
nm0219971,nm0438463,tt0089382,3
nm0150850,nm0874676,tt0089397,4
nm0150850,nm0938944,tt0089397,3
nm0150796,nm0874676,tt0089397,3
nm0279043,nm0388744,tt0089398,3
nm0044796,nm0063357,tt0089465,3
nm0000561,nm0001000,tt0089511,3
nm0554880,nm0720277,tt0089521,3
nm0007106,nm0434318,tt0089582,6
nm0004109,nm0434318,tt0089582,3
nm0134941,nm0553941,tt0089587,3
nm0696414,nm0856532,tt0089630,3
nm0151068,nm0401201,tt0089631,3
nm0628827,nm0943138,tt0089631,4
nm0151068,nm0943138,tt0089631,3
nm0161275,nm0939236,tt0089650,3
nm0190691,nm0258272,tt0089663,3
nm0073488,nm0258272,tt0089663,6
nm0655230,nm0798827,tt0089688,5
nm0749914,nm0765384,tt0089706,3
nm0158402,nm0477102,tt0089708,5
nm0158402,nm0481706,tt0089708,3
nm0503317,nm0952480,tt0089718,4
nm0411631,nm0945734,tt0089746,3
nm0618768,nm0796710,tt0089748,3
nm0251760,nm0905102,tt0089753,4
nm0314636,nm0905102,tt0089753,4
nm0461388,nm0905102,tt0089753,4
nm0251760,nm0461388,tt0089753,4
nm0314636,nm0461388,tt0089753,4
nm0006620,nm0092184,tt0089764,3
nm0265759,nm0684226,tt0089776,3
nm0219939,nm0700869,tt0089785,3
nm0000367,nm0200648,tt0089821,3
nm0200648,nm0681207,tt0089821,3
nm0000430,nm0790775,tt0089822,3
nm0790775,nm0807571,tt0089822,3
nm0333701,nm0790775,tt0089822,3
nm0790775,nm0935498,tt0089822,3
nm0411477,nm0790775,tt0089822,3
nm0698493,nm0790775,tt0089822,3
nm0087904,nm0790775,tt0089822,6
nm0000430,nm0333701,tt0089822,3
nm0000430,nm0935498,tt0089822,3
nm0000430,nm0087904,tt0089822,3
nm0333701,nm0807571,tt0089822,5
nm0807571,nm0935498,tt0089822,5
nm0087904,nm0807571,tt0089822,4
nm0333701,nm0935498,tt0089822,6
nm0333701,nm0411477,tt0089822,6
nm0333701,nm0698493,tt0089822,6
nm0087904,nm0333701,tt0089822,4
nm0411477,nm0935498,tt0089822,6
nm0698493,nm0935498,tt0089822,6
nm0087904,nm0935498,tt0089822,4
nm0087904,nm0411477,tt0089822,4
nm0087904,nm0698493,tt0089822,4
nm0381638,nm0467563,tt0089835,3
nm0098208,nm0224441,tt0089844,4
nm0222545,nm0222553,tt0089860,6
nm0504897,nm0874683,tt0089863,3
nm0001062,nm0522454,tt0089885,5
nm0002340,nm0660016,tt0089885,5
nm0469104,nm0806293,tt0089891,3
nm0244525,nm0423631,tt0089896,3
nm0000801,nm0822004,tt0089902,3
nm0289696,nm0413459,tt0089930,3
nm0442455,nm0904901,tt0089937,6
nm0442454,nm0904901,tt0089937,4
nm0122216,nm0122217,tt0089953,6
nm0078233,nm0148437,tt0089987,3
nm0294440,nm0312076,tt0089994,3
nm0160900,nm0947318,tt0089996,4
nm0161205,nm0874683,tt0090011,3
nm0298689,nm0874676,tt0090013,8
nm0000177,nm0001410,tt0090022,4
nm0000126,nm0001410,tt0090022,3
nm0162502,nm0210701,tt0090052,10
nm0001164,nm0001465,tt0090073,3
nm0000600,nm0818547,tt0090093,3
nm0065471,nm0132257,tt0090093,3
nm0132257,nm0818547,tt0090093,3
nm0070380,nm0897715,tt0090101,9
nm0767586,nm0897715,tt0090101,8
nm0070380,nm0714805,tt0090101,5
nm0714805,nm0767586,tt0090101,5
nm0070380,nm0661345,tt0090101,7
nm0661345,nm0767586,tt0090101,7
nm0070380,nm0073053,tt0090101,9
nm0070380,nm0207401,tt0090101,9
nm0070380,nm0767586,tt0090101,9
nm0073053,nm0767586,tt0090101,8
nm0207401,nm0767586,tt0090101,8
nm0724724,nm0724880,tt0090102,3
nm0708790,nm0720277,tt0090116,4
nm0160883,nm0943150,tt0090185,4
nm0381230,nm0855988,tt0090190,3
nm0442207,nm0855988,tt0090190,3
nm0082677,nm0859772,tt0090192,3
nm0210290,nm0859772,tt0090192,3
nm0082677,nm0210290,tt0090192,7
nm0638308,nm0894787,tt0090220,6
nm0637032,nm0894787,tt0090220,4
nm0099828,nm0132064,tt0090228,3
nm0314329,nm0333146,tt0090238,3
nm0246894,nm0258272,tt0090241,3
nm0350666,nm0652620,tt0090241,3
nm0044156,nm0484376,tt0090250,4
nm0479753,nm0579954,tt0090257,3
nm0295740,nm0827200,tt0090288,3
nm0595115,nm0697514,tt0090295,4
nm0166074,nm0478588,tt0090297,4
nm0005033,nm0874676,tt0090342,4
nm0594226,nm0874676,tt0090342,6
nm0594226,nm0938944,tt0090342,5
nm0158605,nm0298689,tt0090343,4
nm0159474,nm0298689,tt0090343,3
nm0706800,nm0787022,tt0090358,3
nm0482595,nm0945189,tt0090363,5
nm0556498,nm0885433,tt0090371,3
nm0219720,nm0914709,tt0090376,3
nm0001357,nm0180257,tt0090555,3
nm0438463,nm0713592,tt0090577,3
nm0172181,nm0353624,tt0090578,3
nm0001238,nm0593844,tt0090642,3
nm0001016,nm0676248,tt0090659,3
nm0567164,nm0567165,tt0090675,3
nm0001154,nm0095718,tt0090678,3
nm0044156,nm0874096,tt0090679,3
nm0311508,nm0628806,tt0090681,8
nm0311508,nm0628756,tt0090681,3
nm0017620,nm0436950,tt0090685,4
nm0204057,nm0296599,tt0090706,3
nm0102280,nm0939147,tt0090722,4
nm0321821,nm0753637,tt0090778,3
nm0652305,nm0753637,tt0090778,3
nm0528420,nm0791949,tt0090779,3
nm0006860,nm0183310,tt0090782,4
nm0002231,nm0778432,tt0090805,3
nm0406529,nm0720277,tt0090810,4
nm0438463,nm0695170,tt0090812,3
nm0156484,nm0530865,tt0090822,3
nm0305737,nm0739124,tt0090843,4
nm0006860,nm0593262,tt0090847,5
nm0427136,nm0770241,tt0090870,3
nm0023143,nm0840765,tt0090912,3
nm0840765,nm0909099,tt0090912,3
nm0744707,nm0844891,tt0090926,3
nm0302080,nm0319846,tt0090949,3
nm0658301,nm0779423,tt0090960,5
nm0077449,nm0836681,tt0090963,3
nm0001815,nm0156047,tt0090968,6
nm0001815,nm0760244,tt0090968,4
nm0156047,nm0760244,tt0090968,3
nm0001424,nm0772381,tt0090998,4
nm0001090,nm0238489,tt0091002,3
nm0001598,nm0826243,tt0091012,3
nm0001598,nm0379391,tt0091012,4
nm0379391,nm0826243,tt0091012,5
nm0047264,nm0826243,tt0091012,3
nm0042884,nm0379391,tt0091012,7
nm0042884,nm0047264,tt0091012,3
nm0893755,nm0898159,tt0091017,3
nm0187790,nm0379391,tt0091026,3
nm0004462,nm0494378,tt0091038,3
nm0494378,nm0912224,tt0091038,3
nm0379391,nm0536774,tt0091050,3
nm0001062,nm0951206,tt0091083,3
nm0002340,nm0951206,tt0091083,4
nm0522454,nm0951206,tt0091083,3
nm0032561,nm0658836,tt0091089,4
nm0170504,nm0876603,tt0091090,5
nm0530865,nm0876603,tt0091090,4
nm0877425,nm0877901,tt0091094,6
nm0092789,nm0211565,tt0091114,8
nm0211565,nm0339619,tt0091114,4
nm0092789,nm0339619,tt0091114,4
nm0339619,nm0889402,tt0091114,3
nm0599604,nm0694843,tt0091148,3
nm0166256,nm0615780,tt0091149,4
nm0005033,nm0156434,tt0091158,4
nm0150796,nm0943138,tt0091158,3
nm0005033,nm0150796,tt0091158,4
nm0338715,nm0553941,tt0091166,4
nm0207357,nm0226976,tt0091168,4
nm0207357,nm0668699,tt0091168,3
nm0226976,nm0668699,tt0091168,3
nm0386382,nm0441376,tt0091177,5
nm0000483,nm0927074,tt0091203,3
nm0000125,nm0272511,tt0091203,3
nm0150796,nm0628756,tt0091226,3
nm0003501,nm0395337,tt0091254,3
nm0305481,nm0728149,tt0091261,6
nm0438463,nm0451600,tt0091267,11
nm0044796,nm0434318,tt0091267,3
nm0001283,nm0002089,tt0091278,4
nm0001283,nm0253106,tt0091278,3
nm0002089,nm0253106,tt0091278,3
nm0430799,nm0795652,tt0091284,3
nm0000809,nm0001945,tt0091288,3
nm0482580,nm0490497,tt0091293,4
nm0490497,nm0490605,tt0091293,3
nm0475344,nm0773845,tt0091299,4
nm0626841,nm0781578,tt0091300,4
nm0006763,nm0007131,tt0091328,4
nm0008311,nm0049494,tt0091335,3
nm0560026,nm0697961,tt0091339,5
nm0560026,nm0697935,tt0091339,5
nm0697935,nm0697961,tt0091339,12
nm0696267,nm0795953,tt0091344,3
nm0059847,nm0787668,tt0091364,3
nm0059847,nm0097180,tt0091364,3
nm0143596,nm0258390,tt0091396,6
nm0029242,nm0094726,tt0091410,4
nm0463740,nm0797659,tt0091412,4
nm0059847,nm0246150,tt0091417,3
nm0662186,nm0850958,tt0091464,4
nm0000104,nm0000264,tt0091495,4
nm0798827,nm0922301,tt0091515,3
nm0504126,nm0798827,tt0091515,4
nm0538332,nm0803314,tt0091517,13
nm0150850,nm0490489,tt0091532,6
nm0490489,nm0939147,tt0091532,21
nm0161275,nm0490489,tt0091532,5
nm0161275,nm0939147,tt0091532,3
nm0001090,nm0204427,tt0091539,8
nm0094572,nm0204427,tt0091539,3
nm0579823,nm0586482,tt0091563,3
nm0455394,nm0461341,tt0091635,3
nm0058344,nm0467876,tt0091675,3
nm0002240,nm0747834,tt0091734,8
nm0815784,nm0901333,tt0091751,6
nm0000591,nm0102722,tt0091757,3
nm0000221,nm0000297,tt0091763,3
nm0819636,nm0834638,tt0091776,3
nm0704164,nm0807571,tt0091777,3
nm0333701,nm0704164,tt0091777,3
nm0704164,nm0935498,tt0091777,3
nm0411477,nm0704164,tt0091777,3
nm0698493,nm0704164,tt0091777,3
nm0087904,nm0704164,tt0091777,3
nm0000455,nm0222043,tt0091790,3
nm0006369,nm0438463,tt0091806,3
nm0476806,nm0705851,tt0091842,4
nm0286950,nm0412465,tt0091867,3
nm0309697,nm0748702,tt0091874,3
nm0356391,nm0368645,tt0091889,4
nm0784884,nm0846314,tt0091890,3
nm0667724,nm0784884,tt0091890,3
nm0073053,nm0694843,tt0091925,6
nm0207401,nm0694843,tt0091925,6
nm0000334,nm0492288,tt0091935,3
nm0066223,nm0492288,tt0091935,5
nm0156432,nm0939182,tt0091941,4
nm0534681,nm0934093,tt0091949,7
nm0151068,nm0151155,tt0091951,4
nm0150862,nm0151155,tt0091951,3
nm0139239,nm0936912,tt0091979,3
nm0471298,nm0576228,tt0092007,3
nm0002172,nm0434318,tt0092026,4
nm0003508,nm0088397,tt0092068,3
nm0000188,nm0001737,tt0092086,3
nm0002181,nm0033005,tt0092093,5
nm0189979,nm0650561,tt0092105,5
nm0474743,nm0645760,tt0092128,3
nm0256870,nm0474743,tt0092128,3
nm0080111,nm0474318,tt0092155,3
nm0133426,nm0592636,tt0092200,3
nm0150887,nm0150894,tt0092233,3
nm0514905,nm0594226,tt0092248,3
nm0461918,nm0874676,tt0092249,4
nm0461918,nm0943138,tt0092249,4
nm0482708,nm0497097,tt0092251,3
nm0298662,nm0497097,tt0092251,5
nm0482708,nm0504973,tt0092251,3
nm0793812,nm0948137,tt0092251,4
nm0016044,nm0892188,tt0092256,3
nm0000334,nm0862479,tt0092263,3
nm0000334,nm0002000,tt0092263,3
nm0000247,nm0002000,tt0092263,3
nm0000247,nm0000334,tt0092263,5
nm0000334,nm0939147,tt0092273,5
nm0079342,nm0211565,tt0092276,4
nm0092789,nm0646179,tt0092276,3
nm0339619,nm0646179,tt0092276,3
nm0079342,nm0339619,tt0092276,3
nm0079342,nm0646179,tt0092276,6
nm0001090,nm0479728,tt0092520,3
nm0215887,nm0251153,tt0092551,3
nm0215887,nm0328479,tt0092551,3
nm0251153,nm0328479,tt0092551,3
nm0002159,nm0133328,tt0092552,3
nm0002159,nm0736534,tt0092552,3
nm0007123,nm0329715,tt0092557,3
nm0061792,nm0438071,tt0092565,4
nm0666795,nm0666947,tt0092615,4
nm0079342,nm0182499,tt0092634,3
nm0052944,nm0564319,tt0092654,3
nm0228908,nm0740568,tt0092666,3
nm0000241,nm0504802,tt0092675,3
nm0001676,nm0778819,tt0092732,4
nm0150844,nm0160900,tt0092747,3
nm0002989,nm0518192,tt0092787,3
nm0002340,nm0619547,tt0092906,3
nm0383482,nm0779423,tt0092916,4
nm0343518,nm0383482,tt0092916,4
nm0383482,nm0658301,tt0092916,3
nm0778338,nm0834638,tt0092924,3
nm0005540,nm0870186,tt0092948,3
nm0745704,nm0785664,tt0092966,4
nm0423765,nm0728189,tt0092987,3
nm0335924,nm0885204,tt0093008,3
nm0238739,nm0379391,tt0093009,3
nm0504935,nm0950707,tt0093015,3
nm0536774,nm0636280,tt0093022,4
nm0409079,nm0436413,tt0093028,5
nm0874676,nm0939147,tt0093056,7
nm0481681,nm0490489,tt0093071,5
nm0251893,nm0659609,tt0093077,3
nm0116670,nm0130666,tt0093083,3
nm0092184,nm0399464,tt0093111,3
nm0399437,nm0399464,tt0093111,3
nm0681535,nm0748207,tt0093112,3
nm0162013,nm0647247,tt0093115,3
nm0477771,nm0793881,tt0093132,3
nm0409079,nm0913370,tt0093142,4
nm0436413,nm0913370,tt0093142,3
nm0012602,nm0886110,tt0093169,3
nm0697961,nm0810342,tt0093172,3
nm0697935,nm0810342,tt0093172,3
nm0718637,nm0904901,tt0093178,3
nm0442455,nm0718637,tt0093178,3
nm0000694,nm0718637,tt0093191,3
nm0369567,nm0500369,tt0093213,3
nm0000519,nm0001505,tt0093223,3
nm0477035,nm0938944,tt0093229,5
nm0002172,nm0451396,tt0093263,3
nm0000334,nm0504899,tt0093304,3
nm0000334,nm0156558,tt0093304,3
nm0000334,nm0482681,tt0093304,5
nm0000334,nm0620609,tt0093304,5
nm0156558,nm0482681,tt0093304,3
nm0156558,nm0620609,tt0093304,6
nm0482681,nm0620609,tt0093304,9
nm0311508,nm0939182,tt0093305,6
nm0490489,nm0848355,tt0093306,6
nm0000334,nm0490489,tt0093306,3
nm0490489,nm0504973,tt0093306,7
nm0490489,nm0939351,tt0093306,7
nm0490489,nm0803314,tt0093306,5
nm0373698,nm0672060,tt0093312,5
nm0301330,nm0471692,tt0093322,3
nm0016642,nm0084241,tt0093333,3
nm0084241,nm0759368,tt0093333,4
nm0084241,nm0599291,tt0093333,4
nm0599291,nm0759368,tt0093333,4
nm0000934,nm0672546,tt0093389,3
nm0259301,nm0259326,tt0093402,5
nm0000154,nm0000418,tt0093409,4
nm0000154,nm0001149,tt0093409,6
nm0000154,nm0000948,tt0093409,4
nm0000154,nm0090151,tt0093409,3
nm0000418,nm0001149,tt0093409,4
nm0000418,nm0000948,tt0093409,4
nm0000418,nm0090151,tt0093409,3
nm0000948,nm0001149,tt0093409,4
nm0001149,nm0090151,tt0093409,3
nm0000948,nm0090151,tt0093409,3
nm0490605,nm0628827,tt0093422,3
nm0084402,nm0523821,tt0093449,3
nm0084402,nm0464936,tt0093449,3
nm0002181,nm0884581,tt0093458,3
nm0398286,nm0398287,tt0093476,3
nm0000767,nm0860019,tt0093481,3
nm0331998,nm0749493,tt0093493,3
nm0411631,nm0441375,tt0093502,4
nm0001657,nm0869935,tt0093506,3
nm0036313,nm0869935,tt0093506,6
nm0000626,nm0177933,tt0093509,3
nm0156484,nm0311508,tt0093522,4
nm0156484,nm0939182,tt0093522,3
nm0210701,nm0663729,tt0093531,3
nm0200597,nm0593192,tt0093550,4
nm0158605,nm0793008,tt0093554,3
nm0526714,nm0793008,tt0093554,4
nm0438463,nm0442479,tt0093578,3
nm0015287,nm0442479,tt0093578,3
nm0617767,nm0665234,tt0093599,5
nm0125367,nm0734585,tt0093608,4
nm0213983,nm0355790,tt0093628,4
nm0073053,nm0690741,tt0093645,3
nm0207401,nm0690741,tt0093645,3
nm0076914,nm0563473,tt0093651,4
nm0005033,nm0492288,tt0093735,4
nm0150796,nm0492288,tt0093735,3
nm0156434,nm0492288,tt0093735,3
nm0000455,nm0001006,tt0093748,3
nm0002140,nm0954072,tt0093765,4
nm0002191,nm0494378,tt0093769,3
nm0541098,nm0889564,tt0093772,3
nm0859029,nm0859049,tt0093773,5
nm0003501,nm0211108,tt0093774,3
nm0064961,nm0135292,tt0093800,3
nm0000422,nm0001054,tt0093822,3
nm0000422,nm0001053,tt0093822,3
nm0504897,nm0504899,tt0093845,4
nm0179281,nm0290050,tt0093864,3
nm0591160,nm0627159,tt0093870,3
nm0095067,nm0128150,tt0093943,3
nm0000821,nm0765454,tt0093949,3
nm0005033,nm0490489,tt0093956,5
nm0477035,nm0490489,tt0093956,5
nm0490489,nm0950699,tt0093956,3
nm0005033,nm0950699,tt0093956,3
nm0938944,nm0950699,tt0093956,4
nm0375093,nm0632152,tt0093973,5
nm0247353,nm0644430,tt0093976,3
nm0632152,nm0644430,tt0093976,3
nm0399685,nm0632152,tt0093976,3
nm0482708,nm0943138,tt0093978,4
nm0024580,nm0769249,tt0094003,3
nm0162717,nm0332417,tt0094004,3
nm0375093,nm0399685,tt0094019,3
nm0490417,nm0740213,tt0094038,4
nm0297018,nm0433211,tt0094084,3
nm0190691,nm0417352,tt0094094,3
nm0190691,nm0379795,tt0094094,3
nm0321112,nm0618950,tt0094099,3
nm0002668,nm0360766,tt0094101,4
nm0496312,nm0734000,tt0094105,4
nm0254945,nm0557789,tt0094122,4
nm0324660,nm0418078,tt0094126,3
nm0080315,nm0762779,tt0094132,3
nm0284533,nm0939495,tt0094146,4
nm0482614,nm0793812,tt0094162,6
nm0482614,nm0948137,tt0094162,3
nm0648457,nm0847392,tt0094168,3
nm0720277,nm0881762,tt0094194,3
nm0000134,nm0000519,tt0094226,4
nm0757173,nm0955700,tt0094281,3
nm0004429,nm0006369,tt0094299,3
nm0149822,nm0851253,tt0094299,3
nm0155610,nm0628805,tt0094342,7
nm0150807,nm0151005,tt0094346,3
nm0150807,nm0482708,tt0094346,4
nm0514998,nm0795806,tt0094346,3
nm0482708,nm0793008,tt0094350,5
nm0497097,nm0943138,tt0094351,3
nm0504973,nm0945189,tt0094352,4
nm0594226,nm0945189,tt0094352,3
nm0490489,nm0793008,tt0094356,5
nm0504973,nm0793008,tt0094356,3
nm0793008,nm0939351,tt0094356,3
nm0497097,nm0793008,tt0094356,4
nm0002000,nm0007139,tt0094357,3
nm0150850,nm0848355,tt0094358,4
nm0848355,nm0939147,tt0094358,6
nm0451867,nm0781407,tt0094371,3
nm0084402,nm0467666,tt0094393,3
nm0278947,nm0935498,tt0094395,3
nm0298689,nm0594226,tt0094622,3
nm0157329,nm0576197,tt0094646,3
nm0001016,nm0375093,tt0094658,3
nm0000334,nm0864775,tt0094695,3
nm0000334,nm0155610,tt0094695,3
nm0000334,nm0628805,tt0094695,3
nm0173101,nm0248364,tt0094705,3
nm0248364,nm0649875,tt0094705,3
nm0173101,nm0649875,tt0094705,4
nm0000318,nm0000474,tt0094721,3
nm0267495,nm0676248,tt0094734,3
nm0127399,nm0518363,tt0094773,4
nm0034079,nm0045870,tt0094781,3
nm0024619,nm0350479,tt0094789,3
nm0350479,nm0398271,tt0094789,3
nm0024619,nm0398271,tt0094789,3
nm0193721,nm0289245,tt0094796,6
nm0193721,nm0709882,tt0094796,3
nm0159507,nm0793008,tt0094809,4
nm0162502,nm0246822,tt0094833,3
nm0079342,nm0274659,tt0094841,3
nm0661345,nm0694843,tt0094842,3
nm0219136,nm0267288,tt0094868,4
nm0003606,nm0867374,tt0094872,3
nm0139536,nm0230888,tt0094893,3
nm0000552,nm0790775,tt0094898,3
nm0000552,nm0087904,tt0094898,3
nm0400194,nm0559769,tt0094909,3
nm0238489,nm0400194,tt0094909,3
nm0289576,nm0400194,tt0094909,3
nm0029482,nm0868149,tt0094926,3
nm0155610,nm0159201,tt0094935,3
nm0150850,nm0158605,tt0094936,5
nm0697935,nm0957137,tt0094973,6
nm0000246,nm0861636,tt0095016,3
nm0000246,nm0211823,tt0095016,3
nm0032685,nm0812546,tt0095040,6
nm0835297,nm0835298,tt0095040,3
nm0076914,nm0524516,tt0095048,3
nm0524516,nm0664760,tt0095048,3
nm0524516,nm0677758,tt0095048,5
nm0563473,nm0677758,tt0095048,3
nm0076914,nm0664760,tt0095048,4
nm0344662,nm0350673,tt0095081,4
nm0596712,nm0649875,tt0095115,3
nm0490489,nm0538332,tt0095124,3
nm0134867,nm0155587,tt0095149,3
nm0134867,nm0943138,tt0095149,3
nm0400170,nm0704648,tt0095163,3
nm0388605,nm0704648,tt0095163,3
nm0388605,nm0400170,tt0095163,5
nm0149822,nm0434318,tt0095198,7
nm0246150,nm0787668,tt0095244,4
nm0097180,nm0246150,tt0095244,7
nm0040643,nm0103208,tt0095294,3
nm0040643,nm0709752,tt0095294,3
nm0088793,nm0795461,tt0095296,4
nm0676248,nm0724604,tt0095312,4
nm0950707,nm0950757,tt0095336,5
nm0943138,nm0950757,tt0095336,3
nm0943138,nm0950707,tt0095336,3
nm0170504,nm0516319,tt0095396,4
nm0170504,nm0950728,tt0095396,3
nm0530865,nm0950728,tt0095396,5
nm0161275,nm0594226,tt0095398,5
nm0161275,nm0690952,tt0095398,3
nm0161275,nm0948114,tt0095398,3
nm0156484,nm0874676,tt0095402,6
nm0000329,nm0876603,tt0095403,3
nm0298689,nm0490489,tt0095404,4
nm0490489,nm0874676,tt0095404,6
nm0007139,nm0504899,tt0095450,4
nm0766211,nm0950885,tt0095472,4
nm0155587,nm0490489,tt0095520,4
nm0490489,nm0939182,tt0095520,4
nm0490489,nm0594226,tt0095543,4
nm0663409,nm0752244,tt0095548,8
nm0511107,nm0722551,tt0095550,3
nm0202406,nm0896329,tt0095557,3
nm0033005,nm0764450,tt0095559,3
nm0491626,nm0885857,tt0095567,3
nm0169540,nm0527350,tt0095583,4
nm0179215,nm0179216,tt0095606,3
nm0150887,nm0311508,tt0095617,3
nm0002180,nm0538986,tt0095633,3
nm0002180,nm0768623,tt0095633,3
nm0538986,nm0768623,tt0095633,4
nm0714287,nm0899517,tt0095657,3
nm0000558,nm0001740,tt0095705,3
nm0000558,nm0698493,tt0095705,5
nm0001740,nm0001878,tt0095705,3
nm0001740,nm0958387,tt0095705,3
nm0000720,nm0001740,tt0095705,3
nm0001740,nm0698493,tt0095705,3
nm0001878,nm0698493,tt0095705,4
nm0698493,nm0958387,tt0095705,3
nm0000720,nm0698493,tt0095705,5
nm0156484,nm0876603,tt0095706,3
nm0044156,nm0225921,tt0095718,3
nm0697961,nm0957137,tt0095734,3
nm0119653,nm0803112,tt0095831,3
nm0380822,nm0859766,tt0095864,3
nm0156484,nm0156955,tt0095865,3
nm0151068,nm0938944,tt0095865,3
nm0002094,nm0316284,tt0095866,3
nm0121467,nm0690532,tt0095933,3
nm0451148,nm0451257,tt0095936,3
nm0403826,nm0451148,tt0095936,3
nm0403826,nm0451257,tt0095936,3
nm0151068,nm0910979,tt0095938,3
nm0000809,nm0867374,tt0095943,3
nm0276466,nm0767110,tt0095943,3
nm0276466,nm0867374,tt0095943,5
nm0002167,nm0785258,tt0095948,3
nm0007106,nm0438463,tt0095955,4
nm0525475,nm0945189,tt0096090,4
nm0156955,nm0876603,tt0096103,3
nm0165906,nm0379391,tt0096114,5
nm0044156,nm0302080,tt0096130,3
nm0052630,nm0434318,tt0096139,3
nm0778633,nm0873385,tt0096160,3
nm0658523,nm0804157,tt0096184,3
nm0667887,nm0792966,tt0096198,3
nm0160900,nm0510903,tt0096222,6
nm0156467,nm0628806,tt0096222,3
nm0160900,nm0628806,tt0096222,6
nm0156484,nm0945189,tt0096236,4
nm0156484,nm0628806,tt0096236,3
nm0948137,nm0950759,tt0096236,4
nm0438463,nm0659238,tt0096252,3
nm0013828,nm0151013,tt0096284,6
nm0460569,nm0462572,tt0096303,3
nm0000216,nm0718645,tt0096320,3
nm0204030,nm0651758,tt0096320,5
nm0233336,nm0709236,tt0096326,3
nm0127882,nm0709236,tt0096326,3
nm0127882,nm0233336,tt0096326,4
nm0154055,nm0703228,tt0096386,3
nm0007181,nm0451600,tt0096390,3
nm0248364,nm0305869,tt0096406,3
nm0025630,nm0149822,tt0096415,3
nm0052630,nm0149822,tt0096415,3
nm0000461,nm0006860,tt0096425,3
nm0284559,nm0492309,tt0096457,6
nm0311508,nm0490489,tt0096461,7
nm0864769,nm0945189,tt0096468,3
nm0219971,nm0700869,tt0096477,4
nm0151155,nm0156434,tt0096479,3
nm0000662,nm0001617,tt0096487,3
nm0538328,nm0538332,tt0096490,5
nm0538328,nm0803314,tt0096490,4
nm0000334,nm0874684,tt0096493,3
nm0094286,nm0664243,tt0096496,3
nm0442983,nm0490622,tt0096506,4
nm0001472,nm0535320,tt0096507,7
nm0158605,nm0490489,tt0096512,3
nm0158605,nm0939147,tt0096512,4
nm0150894,nm0594226,tt0096513,3
nm0161275,nm0938944,tt0096513,3
nm0064530,nm0486599,tt0096516,3
nm0772381,nm0818204,tt0096735,3
nm0720286,nm0829519,tt0096757,3
nm0395121,nm0909145,tt0096763,3
nm0620609,nm0939209,tt0096811,4
nm0001000,nm0003501,tt0096843,4
nm0001000,nm0395121,tt0096843,5
nm0158967,nm0308042,tt0096878,4
nm0504897,nm0943150,tt0096908,3
nm0150844,nm0943150,tt0096908,3
nm0304709,nm0396284,tt0096908,3
nm0160883,nm0304709,tt0096908,3
nm0004412,nm0558533,tt0096928,3
nm0411757,nm0955270,tt0096960,7
nm0637434,nm0665234,tt0097000,4
nm0671231,nm0904901,tt0097035,4
nm0778633,nm0778639,tt0097051,4
nm0161275,nm0482714,tt0097060,3
nm0258531,nm0295243,tt0097099,3
nm0617609,nm0937480,tt0097131,3
nm0089502,nm0919256,tt0097176,4
nm0389109,nm0508085,tt0097204,3
nm0000490,nm0001115,tt0097216,3
nm0757081,nm0945655,tt0097226,3
nm0000600,nm0706898,tt0097260,4
nm0157971,nm0490489,tt0097320,6
nm0381858,nm0939147,tt0097337,4
nm0159445,nm0161275,tt0097345,3
nm0151155,nm0793008,tt0097348,4
nm0001697,nm0004488,tt0097377,3
nm0155587,nm0938944,tt0097394,4
nm0006249,nm0212541,tt0097409,3
nm0368057,nm0648457,tt0097444,3
nm0150850,nm0490620,tt0097463,3
nm0490620,nm0939147,tt0097463,3
nm0149822,nm0576494,tt0097466,3
nm0000110,nm0000636,tt0097499,4
nm0375093,nm0644430,tt0097511,3
nm0150894,nm0874676,tt0097537,4
nm0700869,nm0796503,tt0097563,3
nm0000561,nm0922301,tt0097587,3
nm0200922,nm0468540,tt0097627,3
nm0468540,nm0734263,tt0097627,3
nm0192432,nm0468540,tt0097627,3
nm0003108,nm0468540,tt0097627,3
nm0200922,nm0734263,tt0097627,3
nm0192432,nm0200922,tt0097627,3
nm0003108,nm0200922,tt0097627,3
nm0192432,nm0734263,tt0097627,3
nm0003108,nm0734263,tt0097627,3
nm0003108,nm0192432,tt0097627,3
nm0350673,nm0610904,tt0097660,3
nm0053022,nm0054007,tt0097683,3
nm0401695,nm0672437,tt0097712,3
nm0433520,nm0671231,tt0097728,3
nm0433520,nm0885417,tt0097728,3
nm0442454,nm0885417,tt0097728,3
nm0000154,nm0000582,tt0097733,3
nm0000418,nm0000582,tt0097733,4
nm0000582,nm0001149,tt0097733,3
nm0000582,nm0000948,tt0097733,3
nm0157785,nm0159435,tt0097744,3
nm0504973,nm0628757,tt0097745,4
nm0490541,nm0628757,tt0097745,4
nm0490541,nm0504973,tt0097745,4
nm0151155,nm0504973,tt0097745,3
nm0254645,nm0744429,tt0097758,6
nm0158779,nm0159507,tt0097761,3
nm0158779,nm0311508,tt0097761,3
nm0159507,nm0311508,tt0097761,9
nm0636977,nm0636979,tt0097773,3
nm0001472,nm0007139,tt0097775,5
nm0007139,nm0490622,tt0097775,3
nm0304708,nm0906402,tt0097776,3
nm0000237,nm0002132,tt0097778,3
nm0006763,nm0219971,tt0097813,5
nm0000929,nm0911486,tt0097815,3
nm0007746,nm0759368,tt0097841,5
nm0007746,nm0599291,tt0097841,3
nm0176197,nm0563473,tt0097841,3
nm0001392,nm0909638,tt0097858,4
nm0158605,nm0950604,tt0097867,3
nm0677758,nm0686375,tt0097870,3
nm0024580,nm0677758,tt0097870,3
nm0071179,nm0342099,tt0097870,3
nm0677758,nm0750048,tt0097870,13
nm0409079,nm0918233,tt0097898,3
nm0486689,nm0686869,tt0097905,3
nm0000386,nm0002041,tt0097910,5
nm0438071,nm0945189,tt0097923,3
nm0000358,nm0006487,tt0097937,3
nm0002290,nm0833298,tt0097991,3
nm0000169,nm0001112,tt0098051,3
nm0482714,nm0874676,tt0098056,3
nm0412873,nm0865573,tt0098095,6
nm0155593,nm0156434,tt0098149,3
nm0003612,nm0156434,tt0098149,4
nm0482714,nm0594226,tt0098150,4
nm0006763,nm0445474,tt0098168,3
nm0007131,nm0445474,tt0098168,3
nm0490489,nm0950728,tt0098186,3
nm0161275,nm0950728,tt0098186,3
nm0001528,nm0567680,tt0098209,3
nm0793008,nm0939147,tt0098217,3
nm0407959,nm0451867,tt0098242,3
nm0637050,nm0869740,tt0098245,3
nm0155587,nm0875275,tt0098250,3
nm0155587,nm0538332,tt0098250,4
nm0155587,nm0803314,tt0098250,6
nm0538332,nm0875275,tt0098250,4
nm0803314,nm0875275,tt0098250,3
nm0671855,nm0796477,tt0098257,4
nm0476065,nm0906997,tt0098282,3
nm0524516,nm0650024,tt0098294,4
nm0076914,nm0650024,tt0098294,4
nm0650024,nm0664760,tt0098294,3
nm0404138,nm0490541,tt0098298,3
nm0157799,nm0477269,tt0098312,8
nm0482714,nm0939147,tt0098313,4
nm0939251,nm0945189,tt0098315,3
nm0296779,nm0445319,tt0098354,3
nm0111369,nm0532536,tt0098424,3
nm0156557,nm0170504,tt0098500,6
nm0001579,nm0950001,tt0098513,4
nm0040939,nm0733886,tt0098552,3
nm0000346,nm0000455,tt0098554,3
nm0181924,nm0851724,tt0098596,3
nm0001000,nm0909145,tt0098648,4
nm0569210,nm0663490,tt0098678,3
nm0155624,nm0793812,tt0098679,4
nm0504945,nm0793812,tt0098679,5
nm0155624,nm0504945,tt0098679,6
nm0156484,nm0161275,tt0098680,3
nm0628806,nm0864775,tt0098694,5
nm0150973,nm0945189,tt0098707,3
nm0477035,nm0939147,tt0098708,4
nm0504973,nm0939147,tt0098711,3
nm0150862,nm0939147,tt0098719,4
nm0000821,nm0002172,tt0098999,3
nm0534665,nm0866014,tt0099053,3
nm0224765,nm0865573,tt0099061,6
nm0224765,nm0412873,tt0099061,5
nm0406534,nm0586482,tt0099075,4
nm0434318,nm0782766,tt0099081,3
nm0220724,nm0251893,tt0099083,5
nm0356875,nm0866918,tt0099089,3
nm0059395,nm0451440,tt0099101,3
nm0496694,nm0554929,tt0099107,3
nm0087279,nm0554929,tt0099107,3
nm0073043,nm0158323,tt0099118,7
nm0157759,nm0482580,tt0099124,3
nm0157759,nm0943138,tt0099124,3
nm0498064,nm0620609,tt0099131,4
nm0117429,nm0638324,tt0099142,3
nm0167396,nm0377253,tt0099151,3
nm0175145,nm0766578,tt0099178,5
nm0001000,nm0798827,tt0099192,3
nm0150906,nm0498429,tt0099248,3
nm0955270,nm0992732,tt0099281,5
nm0411757,nm0992732,tt0099281,3
nm0070380,nm0694843,tt0099293,3
nm0694843,nm0767586,tt0099293,3
nm0203944,nm0301330,tt0099320,3
nm0259915,nm0383148,tt0099324,6
nm0155593,nm0481717,tt0099331,3
nm0508495,nm0793003,tt0099338,3
nm0508495,nm0910957,tt0099338,3
nm0793003,nm0910957,tt0099338,3
nm0201304,nm0930806,tt0099355,3
nm0000129,nm0001801,tt0099371,4
nm0284533,nm0387322,tt0099378,3
nm0155599,nm0504973,tt0099424,3
nm0156484,nm0504897,tt0099426,4
nm0498429,nm0504897,tt0099426,3
nm0498429,nm0945189,tt0099426,3
nm0409791,nm0442396,tt0099429,3
nm0442396,nm0659238,tt0099429,4
nm0442396,nm0661494,tt0099429,6
nm0659238,nm0661494,tt0099429,3
nm0150057,nm0307848,tt0099446,3
nm0438071,nm0795225,tt0099452,4
nm0001016,nm0379391,tt0099474,3
nm0049121,nm0439586,tt0099479,3
nm0024310,nm0049121,tt0099479,3
nm0049121,nm0375561,tt0099479,3
nm0024310,nm0439586,tt0099479,3
nm0375561,nm0439586,tt0099479,3
nm0024310,nm0375561,tt0099479,3
nm0008206,nm0258168,tt0099492,3
nm0019841,nm0702541,tt0099583,3
nm0019841,nm0019842,tt0099583,4
nm0156484,nm0950728,tt0099629,3
nm0874676,nm0950728,tt0099629,4
nm0461918,nm0950728,tt0099629,3
nm0219971,nm0795651,tt0099652,3
nm0764316,nm0795651,tt0099652,3
nm0219971,nm0764316,tt0099652,3
nm0700869,nm0764316,tt0099652,3
nm0003989,nm0159835,tt0099764,3
nm0020653,nm0516360,tt0099768,3
nm0407477,nm0463521,tt0099791,3
nm0552086,nm0717212,tt0099800,4
nm0399737,nm0717212,tt0099800,3
nm0399737,nm0552086,tt0099800,3
nm0116830,nm0663409,tt0099805,3
nm0504899,nm0950699,tt0099809,3
nm0002007,nm0829329,tt0099810,3
nm0246150,nm0311059,tt0099862,3
nm0097180,nm0311059,tt0099862,3
nm0016044,nm0246150,tt0099862,3
nm0016044,nm0097180,tt0099862,3
nm0315767,nm0547852,tt0099865,3
nm0007106,nm0332871,tt0099869,6
nm0150796,nm0490605,tt0099881,3
nm0514936,nm0955443,tt0099902,3
nm0004109,nm0159159,tt0099916,3
nm0401176,nm0943150,tt0099927,3
nm0000686,nm0001206,tt0099939,3
nm0000686,nm0820669,tt0099939,3
nm0072913,nm0094217,tt0100009,3
nm0159507,nm0497758,tt0100047,7
nm0415777,nm0497097,tt0100047,3
nm0265305,nm0497097,tt0100047,6
nm0524108,nm0720000,tt0100049,3
nm0149216,nm0161247,tt0100081,8
nm0566506,nm0666382,tt0100084,3
nm0001177,nm0001775,tt0100142,3
nm0104335,nm0274905,tt0100152,9
nm0461918,nm0497097,tt0100165,3
nm0793008,nm0943138,tt0100165,5
nm0408045,nm0766211,tt0100221,4
nm0450661,nm0863503,tt0100250,3
nm0523000,nm0833298,tt0100266,3
nm0000606,nm0002010,tt0100303,3
nm0000606,nm0688585,tt0100303,3
nm0040910,nm0949069,tt0100311,5
nm0482642,nm0497097,tt0100344,3
nm0018735,nm0438989,tt0100419,5
nm0155291,nm0160865,tt0100443,3
nm0155599,nm0284533,tt0100444,4
nm0000195,nm0291442,tt0100449,3
nm0618291,nm0900915,tt0100516,3
nm0451867,nm0952465,tt0100521,3
nm0482614,nm0504945,tt0100545,3
nm0311508,nm0477035,tt0100598,12
nm0793731,nm0955270,tt0100601,3
nm0155642,nm0156484,tt0100625,4
nm0163990,nm0720286,tt0100632,3
nm0242949,nm0664513,tt0100645,3
nm0569100,nm0691061,tt0100663,4
nm0201695,nm0676248,tt0100672,3
nm0038522,nm0073053,tt0100683,3
nm0038522,nm0207401,tt0100683,3
nm0547852,nm0748207,tt0100686,3
nm0038522,nm0748207,tt0100686,5
nm0038522,nm0547852,tt0100686,3
nm0247653,nm0481990,tt0100758,3
nm0769249,nm0769250,tt0100762,4
nm0628806,nm0950728,tt0100777,4
nm0311508,nm0939147,tt0100779,3
nm0024580,nm0578633,tt0100835,3
nm0578633,nm0865573,tt0100835,3
nm0412873,nm0578633,tt0100835,3
nm0224765,nm0578633,tt0100835,3
nm0542075,nm0865573,tt0100835,4
nm0412873,nm0542075,tt0100835,3
nm0224765,nm0542075,tt0100835,4
nm0276466,nm0305368,tt0100840,3
nm0001325,nm0121559,tt0100842,3
nm0455797,nm0463740,tt0100895,5
nm0156448,nm0156871,tt0100901,3
nm0158323,nm0638308,tt0100938,3
nm0158323,nm0352157,tt0100938,3
nm0158323,nm0894787,tt0100938,6
nm0482714,nm0938944,tt0100961,3
nm0150965,nm0943138,tt0100962,3
nm0159507,nm0628806,tt0100963,15
nm0150906,nm0159507,tt0100963,4
nm0150906,nm0628806,tt0100963,3
nm0150906,nm0150977,tt0100963,5
nm0155599,nm0945189,tt0100969,3
nm0155599,nm0482595,tt0100969,3
nm0467601,nm0482963,tt0100971,3
nm0007139,nm0156484,tt0100973,6
nm0155642,nm0498064,tt0100973,3
nm0007139,nm0155642,tt0100973,5
nm0007139,nm0498064,tt0100973,3
nm0155291,nm0284533,tt0100976,3
nm0482714,nm0793008,tt0100983,4
nm0151155,nm0490489,tt0100984,4
nm0620609,nm0910729,tt0100992,4
nm0490489,nm0620609,tt0100995,3
nm0000041,nm0393094,tt0100998,3
nm0849257,nm0945189,tt0101002,3
nm0939147,nm0939351,tt0101011,3
nm0151005,nm0155587,tt0101015,3
nm0690532,nm1000380,tt0101028,3
nm0006763,nm0315912,tt0101244,3
nm0553937,nm0871456,tt0101323,3
nm0134591,nm0479745,tt0101372,4
nm0584489,nm0655230,tt0101389,3
nm0569100,nm0676248,tt0101399,4
nm0094726,nm0681566,tt0101428,3
nm0156557,nm0463674,tt0101439,7
nm0176979,nm0301330,tt0101475,3
nm0514998,nm0803314,tt0101490,5
nm0690952,nm0803314,tt0101490,5
nm0514998,nm0690952,tt0101490,4
nm0514998,nm0538332,tt0101490,3
nm0155587,nm0690952,tt0101490,5
nm0155587,nm0157343,tt0101490,3
nm0538332,nm0690952,tt0101490,4
nm0092267,nm0092268,tt0101492,6
nm0296144,nm0356342,tt0101526,3
nm0156484,nm0504899,tt0101535,3
nm0360815,nm0847956,tt0101538,3
nm0199939,nm0400177,tt0101541,3
nm0000345,nm0304665,tt0101587,5
nm0000345,nm0541632,tt0101587,5
nm0442207,nm0765910,tt0101591,3
nm0223522,nm0332871,tt0101616,8
nm0332871,nm0415514,tt0101616,4
nm0332871,nm0434318,tt0101616,9
nm0223522,nm0415514,tt0101616,5
nm0223522,nm0434318,tt0101616,8
nm0415514,nm0434318,tt0101616,4
nm0059698,nm0865571,tt0101620,3
nm0041229,nm0943150,tt0101642,3
nm0398801,nm0943138,tt0101643,3
nm0161275,nm0628806,tt0101647,3
nm0628806,nm0874683,tt0101647,3
nm0711745,nm0841552,tt0101649,4
nm0000466,nm0684500,tt0101700,3
nm0080327,nm0451148,tt0101733,3
nm0080327,nm0451600,tt0101733,3
nm0080315,nm0080327,tt0101733,5
nm0772851,nm0816297,tt0101743,3
nm0490489,nm0504897,tt0101756,3
nm0793008,nm0946875,tt0101756,3
nm0159507,nm0939147,tt0101763,8
nm0159507,nm0477035,tt0101763,5
nm0628806,nm0939147,tt0101763,8
nm0477035,nm0628806,tt0101763,4
nm0157971,nm0628806,tt0101780,3
nm0157971,nm0311508,tt0101780,3
nm0002989,nm0693447,tt0101845,3
nm0612730,nm0693447,tt0101845,3
nm0151005,nm0482580,tt0101864,4
nm0150807,nm0482580,tt0101864,3
nm0223738,nm0496459,tt0101909,3
nm0081540,nm0952911,tt0101920,4
nm0766281,nm0837533,tt0101929,6
nm0040125,nm0200226,tt0101946,3
nm0004570,nm0310173,tt0101992,3
nm0504897,nm0874676,tt0101999,5
nm0001569,nm0860151,tt0102045,5
nm0635760,nm0860151,tt0102045,4
nm0000513,nm0000519,tt0102048,3
nm0156557,nm0399074,tt0102055,4
nm0000720,nm0000978,tt0102059,3
nm0041248,nm0504899,tt0102068,3
nm0150906,nm0504899,tt0102068,3
nm0001602,nm0398271,tt0102076,3
nm0150991,nm0490541,tt0102079,3
nm0150977,nm0155593,tt0102155,3
nm0170504,nm0463674,tt0102183,6
nm0097977,nm0363752,tt0102209,3
nm0008124,nm0252847,tt0102223,3
nm0511277,nm0664582,tt0102237,4
nm0443502,nm0582543,tt0102240,3
nm0083560,nm0443502,tt0102240,3
nm0443502,nm0647690,tt0102240,3
nm0083560,nm0582543,tt0102240,3
nm0582543,nm0647690,tt0102240,3
nm0083560,nm0647690,tt0102240,3
nm0409790,nm0451600,tt0102258,3
nm0007181,nm0409790,tt0102258,3
nm0409790,nm0713592,tt0102258,3
nm0463674,nm0530865,tt0102264,3
nm0066223,nm0477035,tt0102386,3
nm0066223,nm0311508,tt0102386,4
nm0154248,nm0620609,tt0102434,3
nm0156484,nm0939351,tt0102448,3
nm0000367,nm0491671,tt0102465,3
nm0140196,nm0651148,tt0102478,3
nm0619185,nm0945282,tt0102488,3
nm0071970,nm0750344,tt0102500,3
nm0212921,nm0325402,tt0102512,3
nm0219971,nm0659238,tt0102513,3
nm0837808,nm0838499,tt0102519,3
nm0006664,nm0841232,tt0102571,3
nm0006763,nm0007113,tt0102636,5
nm0464383,nm0669813,tt0102684,4
nm0464383,nm0762790,tt0102684,3
nm0650024,nm0677758,tt0102693,6
nm0650024,nm0750048,tt0102693,5
nm0524516,nm0750048,tt0102693,4
nm0002178,nm0480207,tt0102697,3
nm0744985,nm0768908,tt0102765,4
nm0612671,nm0933310,tt0102793,3
nm0414910,nm0933310,tt0102793,5
nm0612671,nm0878973,tt0102793,3
nm0305864,nm0406528,tt0102799,7
nm0002396,nm0835144,tt0102804,3
nm0002396,nm0413459,tt0102804,8
nm0413459,nm0835144,tt0102804,4
nm0350957,nm0700206,tt0102830,3
nm0305864,nm0700206,tt0102830,3
nm0406528,nm0700206,tt0102830,3
nm0649875,nm0700206,tt0102830,4
nm0305864,nm0350957,tt0102830,5
nm0350957,nm0406528,tt0102830,6
nm0350957,nm0649875,tt0102830,6
nm0305864,nm0649875,tt0102830,5
nm0406528,nm0649875,tt0102830,6
nm0006795,nm0451168,tt0102835,6
nm0474774,nm0802692,tt0102846,4
nm0049326,nm0837744,tt0102851,3
nm0116091,nm0508293,tt0102869,3
nm0116091,nm0658836,tt0102869,3
nm0508293,nm0658836,tt0102869,3
nm0151066,nm0874676,tt0102886,4
nm0151066,nm0156871,tt0102886,4
nm0155593,nm0504899,tt0102903,3
nm0498429,nm0504899,tt0102903,3
nm0150977,nm0504899,tt0102903,3
nm0482580,nm0628877,tt0102906,3
nm0014558,nm0847109,tt0102907,5
nm0497097,nm0945189,tt0102922,5
nm0910729,nm0945189,tt0102922,5
nm0156484,nm0844036,tt0102932,3
nm0625482,nm0834883,tt0103006,5
nm0001325,nm0233027,tt0103010,5
nm0159507,nm0938944,tt0103045,3
nm0150906,nm0938944,tt0103045,4
nm0526695,nm0793008,tt0103084,3
nm0504945,nm0628806,tt0103094,3
nm0023929,nm0056514,tt0103116,3
nm0301515,nm0952498,tt0103150,3
nm0067169,nm0126878,tt0103155,3
nm0717550,nm0903456,tt0103161,3
nm0538328,nm0875275,tt0103162,3
nm0432040,nm0519969,tt0103168,3
nm0253216,nm0351029,tt0103186,3
nm0253216,nm0575523,tt0103186,3
nm0707691,nm0724604,tt0103204,3
nm0455797,nm0797659,tt0103228,3
nm0455797,nm0896801,tt0103228,4
nm0797659,nm0896801,tt0103228,3
nm0463740,nm0896801,tt0103228,4
nm0007139,nm0849283,tt0103285,3
nm0504897,nm0950728,tt0103291,4
nm0013828,nm0490489,tt0103292,3
nm0013828,nm0628806,tt0103292,3
nm0001472,nm0150909,tt0103295,3
nm0156434,nm0628806,tt0103314,3
nm0805189,nm0939378,tt0103596,3
nm0497097,nm0938893,tt0103743,3
nm0938893,nm0946875,tt0103743,5
nm0490634,nm0938893,tt0103743,5
nm0265305,nm0938893,tt0103743,3
nm0497097,nm0946875,tt0103743,4
nm0490634,nm0497097,tt0103743,3
nm0444334,nm0497097,tt0103743,3
nm0490634,nm0946875,tt0103743,5
nm0265305,nm0490634,tt0103743,3
nm0265305,nm0444334,tt0103743,3
nm0247574,nm0933310,tt0103825,3
nm0295032,nm0933310,tt0103825,3
nm0002622,nm0933310,tt0103825,4
nm0247574,nm0295032,tt0103825,4
nm0002622,nm0247574,tt0103825,4
nm0002622,nm0295032,tt0103825,4
nm0081540,nm0458001,tt0103879,3
nm0399074,nm0939209,tt0103890,4
nm0156557,nm0939209,tt0103890,3
nm0001444,nm0917802,tt0103907,3
nm0483924,nm0917802,tt0103907,3
nm0001108,nm0697935,tt0103933,3
nm0158857,nm0497642,tt0103935,3
nm0449407,nm0848017,tt0103937,3
nm0684596,nm0890495,tt0103969,3
nm0155165,nm0874676,tt0104071,3
nm0080432,nm0474774,tt0104072,5
nm0133426,nm0884581,tt0104091,3
nm0023929,nm0051649,tt0104115,3
nm0628806,nm0946875,tt0104245,3
nm0849290,nm0945189,tt0104319,3
nm0477209,nm0490489,tt0104322,4
nm0066223,nm0490489,tt0104322,3
nm0477035,nm0481681,tt0104322,4
nm0590840,nm0645549,tt0104352,3
nm0645549,nm0648457,tt0104352,4
nm0004433,nm0451600,tt0104404,3
nm0000164,nm0412465,tt0104454,3
nm0000164,nm0695609,tt0104454,3
nm0463674,nm0497758,tt0104459,10
nm0525738,nm0886306,tt0104476,3
nm0000940,nm0133561,tt0104545,3
nm0159507,nm0463674,tt0104553,7
nm0000329,nm0867262,tt0104558,3
nm0000329,nm0530853,tt0104558,3
nm0530853,nm0849282,tt0104558,4
nm0370627,nm0762965,tt0104559,3
nm0150977,nm0477035,tt0104560,4
nm0031080,nm0249892,tt0104579,4
nm0883161,nm0901333,tt0104592,4
nm0450988,nm0821809,tt0104594,3
nm0334882,nm0836949,tt0104662,3
nm0284011,nm0945189,tt0104755,4
nm0354780,nm0511807,tt0104761,3
nm0149222,nm0939147,tt0104770,3
nm0000490,nm0005148,tt0104797,3
nm0545690,nm0893872,tt0104798,3
nm0156434,nm0938893,tt0104807,3
nm0407959,nm0999532,tt0104853,3
nm0407959,nm0863620,tt0104853,5
nm0863620,nm0999532,tt0104853,3
nm0149822,nm0159159,tt0104854,3
nm0000389,nm0109359,tt0104868,3
nm0409092,nm0463805,tt0104962,4
nm0879318,nm0925276,tt0104990,3
nm0006795,nm0080432,tt0105007,3
nm0156484,nm0939147,tt0105031,5
nm0530365,nm0688544,tt0105132,3
nm0511277,nm0668640,tt0105185,4
nm0007746,nm0128052,tt0105188,3
nm0477209,nm0628806,tt0105195,4
nm0000233,nm0000812,tt0105236,3
nm0621937,nm0841552,tt0105271,3
nm0621937,nm0711745,tt0105271,3
nm0427176,nm0427732,tt0105296,3
nm0002396,nm0413470,tt0105310,3
nm0789966,nm0864775,tt0105385,5
nm0063357,nm0332871,tt0105394,4
nm0063357,nm0223522,tt0105394,5
nm0421084,nm0662678,tt0105466,5
nm0149216,nm0442983,tt0105496,6
nm0004109,nm0149822,tt0105515,3
nm0149822,nm0318622,tt0105515,3
nm0087593,nm0580725,tt0105530,3
nm0560927,nm0580725,tt0105530,4
nm0087593,nm0560927,tt0105530,3
nm0462029,nm0837533,tt0105532,3
nm0462029,nm0766281,tt0105532,3
nm0477209,nm0939147,tt0105533,3
nm0753912,nm0772381,tt0105565,3
nm0001188,nm0258286,tt0105577,3
nm0000487,nm0485950,tt0105652,3
nm0485950,nm0770005,tt0105652,3
nm0000487,nm0770005,tt0105652,4
nm0687739,nm0895509,tt0105654,3
nm0007139,nm0848826,tt0105655,5
nm0155642,nm0848826,tt0105655,3
nm0158605,nm0950954,tt0105694,3
nm0211565,nm0894787,tt0105717,3
nm0092789,nm0292291,tt0105717,3
nm0292291,nm0646179,tt0105717,3
nm0434958,nm0463740,tt0105777,3
nm0000655,nm0825790,tt0105789,3
nm0007139,nm0161275,tt0105839,4
nm0161275,nm0848826,tt0105839,4
nm0620609,nm0945189,tt0105851,3
nm0530865,nm0874676,tt0105864,3
nm0461918,nm0530865,tt0105864,3
nm0215856,nm0438071,tt0105881,3
nm0001650,nm0180984,tt0105885,3
nm0044796,nm0223522,tt0106204,3
nm0346277,nm0407067,tt0106215,3
nm0103196,nm0278735,tt0106258,4
nm0156905,nm0160925,tt0106268,4
nm0156905,nm0628770,tt0106268,3
nm0451321,nm0796503,tt0106333,5
nm0080327,nm0796503,tt0106333,3
nm0496459,nm0768334,tt0106334,3
nm0002000,nm0950553,tt0106342,3
nm0047290,nm0692415,tt0106359,4
nm0075003,nm0252473,tt0106476,3
nm0252473,nm0489858,tt0106476,3
nm0252473,nm0387141,tt0106476,3
nm0252473,nm0803711,tt0106476,3
nm0252473,nm0883908,tt0106476,3
nm0075003,nm0489858,tt0106476,3
nm0075003,nm0387141,tt0106476,3
nm0075003,nm0803711,tt0106476,3
nm0075003,nm0883908,tt0106476,3
nm0387141,nm0489858,tt0106476,3
nm0489858,nm0803711,tt0106476,3
nm0489858,nm0883908,tt0106476,3
nm0387141,nm0803711,tt0106476,3
nm0387141,nm0883908,tt0106476,3
nm0000361,nm0462895,tt0106519,3
nm0155642,nm0789966,tt0106538,3
nm0155562,nm0939147,tt0106545,3
nm0939147,nm0945189,tt0106545,4
nm0864775,nm0946883,tt0106552,4
nm0007139,nm0158414,tt0106559,4
nm0220016,nm0759270,tt0106573,3
nm0325271,nm0842476,tt0106611,3
nm0527494,nm0760000,tt0106710,3
nm0938893,nm0950552,tt0106714,3
nm0432614,nm0432623,tt0106775,4
nm0151066,nm0504897,tt0106898,3
nm0156871,nm0504897,tt0106898,4
nm0150916,nm0504899,tt0106898,3
nm0001472,nm0477035,tt0106936,4
nm0001472,nm0150977,tt0106936,3
nm0477035,nm0535320,tt0106936,3
nm0150977,nm0311508,tt0106936,3
nm0150977,nm0535320,tt0106936,3
nm0725284,nm0907929,tt0106965,3
nm0120494,nm0413459,tt0106970,3
nm0387683,nm0822236,tt0107019,3
nm0150796,nm0848355,tt0107053,3
nm0950707,nm0997343,tt0107056,3
nm0157799,nm0490513,tt0107102,4
nm0497758,nm0628806,tt0107160,3
nm0463674,nm0628806,tt0107160,4
nm0007139,nm0944578,tt0107162,3
nm0153463,nm0541421,tt0107190,5
nm0006487,nm0313623,tt0107207,3
nm0487008,nm0733056,tt0107210,3
nm0409092,nm0475610,tt0107404,3
nm0379391,nm0872864,tt0107430,3
nm0034880,nm0717012,tt0107527,6
nm0025389,nm0149822,tt0107543,4
nm0504899,nm0659388,tt0107544,3
nm0628770,nm0938893,tt0107572,3
nm0387322,nm0938893,tt0107572,3
nm0351911,nm0351993,tt0107623,3
nm0213983,nm0909770,tt0107654,4
nm0411872,nm0437526,tt0107664,3
nm0938893,nm0939202,tt0107713,3
nm0504899,nm0939147,tt0107806,6
nm0023929,nm0837166,tt0107870,3
nm0023929,nm0326277,tt0107870,3
nm0326277,nm0837166,tt0107870,4
nm0003612,nm0490513,tt0107904,3
nm0003612,nm0157799,tt0107904,3
nm0158427,nm0490513,tt0107947,3
nm0149216,nm0628757,tt0107984,4
nm0161247,nm0628757,tt0107984,3
nm0149216,nm0938893,tt0107984,3
nm0442983,nm0938893,tt0107984,3
nm0161247,nm0442983,tt0107984,3
nm0438463,nm0712546,tt0107986,3
nm0463805,nm0872508,tt0108011,3
nm0409092,nm0872508,tt0108011,3
nm0024887,nm0653458,tt0108031,3
nm0002000,nm0504897,tt0108074,3
nm0080315,nm0228738,tt0108144,4
nm0849283,nm0950759,tt0108148,3
nm0744854,nm0745037,tt0108246,3
nm0154248,nm0946875,tt0108282,4
nm0000777,nm0001166,tt0108366,3
nm0001425,nm0002140,tt0108394,3
nm0001425,nm0954072,tt0108394,3
nm0002140,nm0682830,tt0108394,3
nm0682830,nm0954072,tt0108394,3
nm0078760,nm0162502,tt0108471,3
nm0047578,nm0486456,tt0108477,3
nm0619185,nm0620737,tt0108509,3
nm0370627,nm0619185,tt0108509,3
nm0619185,nm0854976,tt0108509,3
nm0370627,nm0620737,tt0108509,3
nm0620737,nm0854976,tt0108509,3
nm0370627,nm0854976,tt0108509,3
nm0042341,nm0612730,tt0108568,4
nm0001472,nm0939147,tt0108593,5
nm0013830,nm0939147,tt0108601,4
nm0490487,nm0939147,tt0108609,5
nm0151013,nm0155587,tt0108621,3
nm0510903,nm0947318,tt0108626,4
nm0490487,nm0504899,tt0108640,3
nm0223522,nm0438463,tt0109116,3
nm0063357,nm0438463,tt0109116,3
nm0170504,nm0864782,tt0109203,4
nm0154248,nm0945189,tt0109213,4
nm0437580,nm0510903,tt0109214,3
nm0266645,nm0947318,tt0109214,3
nm0116263,nm0899501,tt0109236,4
nm0158323,nm0953734,tt0109237,3
nm0490513,nm0938893,tt0109393,3
nm0490513,nm0525475,tt0109393,3
nm0150894,nm0498034,tt0109407,3
nm0504897,nm0939182,tt0109424,4
nm0001708,nm0326040,tt0109446,4
nm0181924,nm0524528,tt0109454,3
nm0001595,nm0382080,tt0109536,3
nm0219971,nm0451600,tt0109555,3
nm0150952,nm0950728,tt0109620,3
nm0138609,nm0568911,tt0109661,5
nm0023929,nm0568911,tt0109661,3
nm0412809,nm0955270,tt0109667,3
nm0127882,nm0325529,tt0109747,3
nm0233336,nm0325529,tt0109747,3
nm0150987,nm0939255,tt0109786,3
nm0150906,nm0939255,tt0109786,4
nm0508208,nm0714002,tt0110045,3
nm0002989,nm0446542,tt0110108,3
nm0035537,nm0676248,tt0110138,5
nm0150916,nm0939255,tt0110198,3
nm0006860,nm0934637,tt0110263,4
nm0583397,nm0784682,tt0110329,3
nm0159517,nm0490513,tt0110380,3
nm0451307,nm0474774,tt0110438,3
nm0096585,nm0702477,tt0110462,3
nm0481703,nm0490526,tt0110513,3
nm0151112,nm0170504,tt0110660,3
nm0084402,nm0668640,tt0110865,3
nm0697935,nm0744235,tt0110948,3
nm0000191,nm0000965,tt0111149,3
nm0000191,nm0388076,tt0111149,3
nm0000965,nm0388076,tt0111149,3
nm0000408,nm0001772,tt0111280,3
nm0001772,nm0734472,tt0111280,3
nm0001772,nm0075834,tt0111280,3
nm0000408,nm0734472,tt0111280,3
nm0000408,nm0075834,tt0111280,3
nm0075834,nm0734472,tt0111280,3
nm0103804,nm0601822,tt0111280,3
nm0449246,nm0777354,tt0111300,4
nm0160614,nm0768815,tt0111345,3
nm0104312,nm0580669,tt0111464,3
nm0021835,nm0500758,tt0111618,3
nm0628956,nm0945189,tt0111662,3
nm0628714,nm0938893,tt0111764,3
nm0284015,nm0797679,tt0111765,5
nm0160900,nm0284015,tt0111765,6
nm0160900,nm0797679,tt0111765,4
nm0366330,nm0580726,tt0111825,3
nm0150952,nm0939147,tt0111838,3
nm0939147,nm0948145,tt0111838,3
nm0001191,nm0379056,tt0112508,4
nm0261518,nm0530037,tt0112640,3
nm0160900,nm0345144,tt0112660,3
nm0016519,nm0951828,tt0112766,3
nm0490489,nm0789966,tt0112772,3
nm0227489,nm0898883,tt0112843,4
nm0645949,nm0744985,tt0112867,3
nm0451321,nm0700869,tt0112870,3
nm0467601,nm0939147,tt0112909,3
nm0169505,nm0812513,tt0113105,3
nm0149822,nm0997778,tt0113455,3
nm0284015,nm0628806,tt0113588,4
nm0160900,nm0437580,tt0113588,5
nm0147592,nm0682251,tt0113623,3
nm0147592,nm0894787,tt0113623,4
nm0660266,nm0894787,tt0113623,3
nm0682251,nm0894787,tt0113623,3
nm0150952,nm0151066,tt0113724,3
nm0150952,nm0482673,tt0113724,3
nm0151066,nm0482673,tt0113724,3
nm0284011,nm0628747,tt0113771,3
nm0155562,nm0490487,tt0113809,3
nm0006763,nm0712546,tt0113822,3
nm0503600,nm0951828,tt0113964,3
nm0016519,nm0503600,tt0113964,3
nm0080432,nm0438501,tt0114316,3
nm0677758,nm0823424,tt0114368,3
nm0750048,nm0823424,tt0114368,3
nm0200164,nm0506619,tt0114495,4
nm0635760,nm0841861,tt0114697,3
nm0004056,nm0005124,tt0114709,3
nm0006860,nm0641505,tt0114918,3
nm0628806,nm0797679,tt0114990,3
nm0160900,nm0943149,tt0115004,3
nm0146431,nm0201749,tt0116207,4
nm0150952,nm0939236,tt0116453,3
nm0023929,nm0139605,tt0116503,3
nm0004161,nm0503600,tt0117396,3
nm0002396,nm0111926,tt0117639,3
nm0111926,nm0413459,tt0117639,3
nm0519449,nm0786991,tt0118053,3
